<?xml version="1.0" encoding="UTF-8"?>
<!DOCTYPE suite SYSTEM "http://testng.org/testng-1.0.dtd">
<suite name="Bazooka_Validation">
	<listeners>
		<listener class-name="org.uncommons.reportng.HTMLReporter" />
		<listener class-name="org.uncommons.reportng.JUnitXMLReporter" />
	</listeners>
	<test name="SL_TS_ACCT_01_Create_AQ_Notification">
		<parameter name="In_TemplateType" value="BILLING_PRIMARY_METHOD_CHANGED"></parameter>
		<parameter name="In_Profile" value="BSL_SYSTEM_ROLE"></parameter>
		<parameter name="In_Currency" value="USD"></parameter>
		<parameter name="In_Paytype" value="INVOICE"></parameter>
		<parameter name="In_NotificationOption" value="OPT_IN"></parameter>
		<parameter name="In_ContractingEntity" value="CONTRACT_US"></parameter>
		<parameter name="In_InvoiceDeliveryMethod" value="PAPERLESS"></parameter>
		<parameter name="In_SupportTeam" value="553"></parameter>
		<parameter name="In_PaymentTerm" value="NET_30"></parameter>
		<parameter name="In_VatNumber" value="GB0177282"></parameter>
		<parameter name="In_PaymentType" value="INVOICE"></parameter>
		<parameter name="In_Pvt" value="122800002017"></parameter>
		<parameter name="In_Polarity" value="Positive"></parameter>	
		<parameter name="Out_Testname" value="SL_TS_ACCT_01_validateCreateAQNotificationForBillingPrimaryMethodChanged"></parameter>
		<parameter name="Out_Suitename" value="Bazooka"></parameter>
		<parameter name="Out_JsonFileName" value="BazookaJsonTestResult"></parameter>
		<parameter name="Out_XmlFileName" value="BazookaXmlTestResult"></parameter>
		<parameter name="Out_XmlParentTagName" value="Coverages"></parameter>
		<groups>
			<run>
				<include name="Component" />
			</run>
		</groups>
		<classes>
			<class name="com.rackspace.sl.suite.SLTestSuite">
				<methods>
					<include
						name="SL_TS_ACCT_01_validateCreateAQNotificationForBillingPrimaryMethodChanged" />
				</methods>
			</class>
		</classes>
	</test>
<!-- 
	<test name="SL_TS_ACCT_02_Create_AQ_Notification">
		<parameter name="In_TemplateType" value="BILLING_PREDRAFT_NOTIFICATION"></parameter>
		<parameter name="In_Profile" value="BSL_SYSTEM_ROLE"></parameter>
		<parameter name="In_Currency" value="USD"></parameter>
		<parameter name="In_Paytype" value="INVOICE"></parameter>
		<parameter name="In_NotificationOption" value="OPT_IN"></parameter>
		<parameter name="In_ContractingEntity" value="CONTRACT_US"></parameter>
		<parameter name="In_InvoiceDeliveryMethod" value="PAPERLESS"></parameter>
		<parameter name="In_SupportTeam" value="553"></parameter>
		<parameter name="In_PaymentTerm" value="NET_30"></parameter>
		<parameter name="In_VatNumber" value="GB0177282"></parameter>
		<parameter name="In_PaymentType" value="INVOICE"></parameter>
		<parameter name="In_Pvt" value="122800002017"></parameter>
		<parameter name="In_Polarity" value="Positive"></parameter>	
		<parameter name="Out_Testname" value="SL_TS_ACCT_01_validateCreateAQNotificationForBillingPrimaryMethodChanged"></parameter>
		<parameter name="Out_Suitename" value="Bazooka"></parameter>
		<parameter name="Out_JsonFileName" value="BazookaJsonTestResult"></parameter>
		<parameter name="Out_XmlFileName" value="BazookaXmlTestResult"></parameter>
		<parameter name="Out_XmlParentTagName" value="Coverages"></parameter>
		<groups>
			<run>
				<include name="Component" />
			</run>
		</groups>
		<classes>
			<class name="com.rackspace.sl.suite.SLTestSuite">
				<methods>
					<include
						name="SL_TS_ACCT_01_validateCreateAQNotificationForBillingPrimaryMethodChanged" />
				</methods>
			</class>
		</classes>
	</test>


	<test name="SL_TS_ACCT_03_Create_AQ_Notification">
		<parameter name="In_TemplateType" value="BILLING_PROBLEM_CHARGE_CC"></parameter>
		<parameter name="In_Profile" value="BSL_SYSTEM_ROLE"></parameter>
		<parameter name="In_Currency" value="USD"></parameter>
		<parameter name="In_Paytype" value="INVOICE"></parameter>
		<parameter name="In_NotificationOption" value="OPT_IN"></parameter>
		<parameter name="In_ContractingEntity" value="CONTRACT_US"></parameter>
		<parameter name="In_InvoiceDeliveryMethod" value="PAPERLESS"></parameter>
		<parameter name="In_SupportTeam" value="553"></parameter>
		<parameter name="In_PaymentTerm" value="NET_30"></parameter>
		<parameter name="In_VatNumber" value="GB0177282"></parameter>
		<parameter name="In_PaymentType" value="INVOICE"></parameter>
		<parameter name="In_Pvt" value="122800002017"></parameter>
		<parameter name="In_Polarity" value="Positive"></parameter>	
		<parameter name="Out_Testname" value="SL_TS_ACCT_01_validateCreateAQNotificationForBillingPrimaryMethodChanged"></parameter>
		<parameter name="Out_Suitename" value="Bazooka"></parameter>
		<parameter name="Out_JsonFileName" value="BazookaJsonTestResult"></parameter>
		<parameter name="Out_XmlFileName" value="BazookaXmlTestResult"></parameter>
		<parameter name="Out_XmlParentTagName" value="Coverages"></parameter>
		<groups>
			<run>
				<include name="Component" />
			</run>
		</groups>
		<classes>
			<class name="com.rackspace.sl.suite.SLTestSuite">
				<methods>
					<include
						name="SL_TS_ACCT_01_validateCreateAQNotificationForBillingPrimaryMethodChanged" />
				</methods>
			</class>
		</classes>
	</test>


	<test name="SL_TS_ACCT_04_Create_AQ_Notification">
		<parameter name="In_TemplateType" value="BILLING_PROBLEM_CHARGE_ACH"></parameter>
		<parameter name="In_Profile" value="BSL_SYSTEM_ROLE"></parameter>
		<parameter name="In_Currency" value="USD"></parameter>
		<parameter name="In_Paytype" value="INVOICE"></parameter>
		<parameter name="In_NotificationOption" value="OPT_IN"></parameter>
		<parameter name="In_ContractingEntity" value="CONTRACT_US"></parameter>
		<parameter name="In_InvoiceDeliveryMethod" value="PAPERLESS"></parameter>
		<parameter name="In_SupportTeam" value="553"></parameter>
		<parameter name="In_PaymentTerm" value="NET_30"></parameter>
		<parameter name="In_VatNumber" value="GB0177282"></parameter>
		<parameter name="In_PaymentType" value="INVOICE"></parameter>
		<parameter name="In_Pvt" value="122800002017"></parameter>
		<parameter name="In_Polarity" value="Positive"></parameter>	
		<parameter name="Out_Testname" value="SL_TS_ACCT_01_validateCreateAQNotificationForBillingPrimaryMethodChanged"></parameter>
		<parameter name="Out_Suitename" value="Bazooka"></parameter>
		<parameter name="Out_JsonFileName" value="BazookaJsonTestResult"></parameter>
		<parameter name="Out_XmlFileName" value="BazookaXmlTestResult"></parameter>
		<parameter name="Out_XmlParentTagName" value="Coverages"></parameter>
		<groups>
			<run>
				<include name="Component" />
			</run>
		</groups>
		<classes>
			<class name="com.rackspace.sl.suite.SLTestSuite">
				<methods>
					<include
						name="SL_TS_ACCT_01_validateCreateAQNotificationForBillingPrimaryMethodChanged" />
				</methods>
			</class>
		</classes>
	</test>


	<test name="SL_TS_ACCT_05_Create_AQ_Notification">
		<parameter name="In_TemplateType" value="SPEND_THRESHOLD_LIMIT"></parameter>
		<parameter name="In_Profile" value="BSL_SYSTEM_ROLE"></parameter>
		<parameter name="In_Currency" value="USD"></parameter>
		<parameter name="In_Paytype" value="INVOICE"></parameter>
		<parameter name="In_NotificationOption" value="OPT_IN"></parameter>
		<parameter name="In_ContractingEntity" value="CONTRACT_US"></parameter>
		<parameter name="In_InvoiceDeliveryMethod" value="PAPERLESS"></parameter>
		<parameter name="In_SupportTeam" value="553"></parameter>
		<parameter name="In_PaymentTerm" value="NET_30"></parameter>
		<parameter name="In_VatNumber" value="GB0177282"></parameter>
		<parameter name="In_PaymentType" value="INVOICE"></parameter>
		<parameter name="In_Pvt" value="122800002017"></parameter>
		<parameter name="In_Polarity" value="Positive"></parameter>	
		<parameter name="Out_Testname" value="SL_TS_ACCT_01_validateCreateAQNotificationForBillingPrimaryMethodChanged"></parameter>
		<parameter name="Out_Suitename" value="Bazooka"></parameter>
		<parameter name="Out_JsonFileName" value="BazookaJsonTestResult"></parameter>
		<parameter name="Out_XmlFileName" value="BazookaXmlTestResult"></parameter>
		<parameter name="Out_XmlParentTagName" value="Coverages"></parameter>
		<groups>
			<run>
				<include name="Component" />
			</run>
		</groups>
		<classes>
			<class name="com.rackspace.sl.suite.SLTestSuite">
				<methods>
					<include
						name="SL_TS_ACCT_01_validateCreateAQNotificationForBillingPrimaryMethodChanged" />
				</methods>
			</class>
		</classes>
	</test>


	<test name="SL_TS_ACCT_06_Create_AQ_Notification">
		<parameter name="In_TemplateType" value="BILLING_EXPIRY_CC"></parameter>
		<parameter name="In_Profile" value="BSL_SYSTEM_ROLE"></parameter>
		<parameter name="In_Currency" value="USD"></parameter>
		<parameter name="In_Paytype" value="INVOICE"></parameter>
		<parameter name="In_NotificationOption" value="OPT_IN"></parameter>
		<parameter name="In_ContractingEntity" value="CONTRACT_US"></parameter>
		<parameter name="In_InvoiceDeliveryMethod" value="PAPERLESS"></parameter>
		<parameter name="In_SupportTeam" value="553"></parameter>
		<parameter name="In_PaymentTerm" value="NET_30"></parameter>
		<parameter name="In_VatNumber" value="GB0177282"></parameter>
		<parameter name="In_PaymentType" value="INVOICE"></parameter>
		<parameter name="In_Pvt" value="122800002017"></parameter>
		<parameter name="In_Polarity" value="Positive"></parameter>	
		<parameter name="Out_Testname" value="SL_TS_ACCT_01_validateCreateAQNotificationForBillingPrimaryMethodChanged"></parameter>
		<parameter name="Out_Suitename" value="Bazooka"></parameter>
		<parameter name="Out_JsonFileName" value="BazookaJsonTestResult"></parameter>
		<parameter name="Out_XmlFileName" value="BazookaXmlTestResult"></parameter>
		<parameter name="Out_XmlParentTagName" value="Coverages"></parameter>
		<groups>
			<run>
				<include name="Component" />
			</run>
		</groups>
		<classes>
			<class name="com.rackspace.sl.suite.SLTestSuite">
				<methods>
					<include
						name="SL_TS_ACCT_01_validateCreateAQNotificationForBillingPrimaryMethodChanged" />
				</methods>
			</class>
		</classes>
	</test>


	<test name="SL_TS_ACCT_07_Create_AQ_Notification">
		<parameter name="In_TemplateType" value="EMAIL_INVOICE_PDF"></parameter>
		<parameter name="In_Profile" value="BSL_SYSTEM_ROLE"></parameter>
		<parameter name="In_Currency" value="USD"></parameter>
		<parameter name="In_Paytype" value="INVOICE"></parameter>
		<parameter name="In_NotificationOption" value="OPT_IN"></parameter>
		<parameter name="In_ContractingEntity" value="CONTRACT_US"></parameter>
		<parameter name="In_InvoiceDeliveryMethod" value="PAPERLESS"></parameter>
		<parameter name="In_SupportTeam" value="553"></parameter>
		<parameter name="In_PaymentTerm" value="NET_30"></parameter>
		<parameter name="In_VatNumber" value="GB0177282"></parameter>
		<parameter name="In_PaymentType" value="INVOICE"></parameter>
		<parameter name="In_Pvt" value="122800002017"></parameter>
		<parameter name="In_Polarity" value="Positive"></parameter>	
		<parameter name="Out_Testname" value="SL_TS_ACCT_01_validateCreateAQNotificationForBillingPrimaryMethodChanged"></parameter>
		<parameter name="Out_Suitename" value="Bazooka"></parameter>
		<parameter name="Out_JsonFileName" value="BazookaJsonTestResult"></parameter>
		<parameter name="Out_XmlFileName" value="BazookaXmlTestResult"></parameter>
		<parameter name="Out_XmlParentTagName" value="Coverages"></parameter>
		<groups>
			<run>
				<include name="Component" />
			</run>
		</groups>
		<classes>
			<class name="com.rackspace.sl.suite.SLTestSuite">
				<methods>
					<include
						name="SL_TS_ACCT_01_validateCreateAQNotificationForBillingPrimaryMethodChanged" />
				</methods>
			</class>
		</classes>
	</test>


	<test name="SL_TS_ACCT_08_Create_AQ_Notification">
		<parameter name="In_TemplateType" value="BILLING_PAYMENT_SUCCESS_CC"></parameter>
		<parameter name="In_Profile" value="BSL_SYSTEM_ROLE"></parameter>
		<parameter name="In_Currency" value="USD"></parameter>
		<parameter name="In_Paytype" value="INVOICE"></parameter>
		<parameter name="In_NotificationOption" value="OPT_IN"></parameter>
		<parameter name="In_ContractingEntity" value="CONTRACT_US"></parameter>
		<parameter name="In_InvoiceDeliveryMethod" value="PAPERLESS"></parameter>
		<parameter name="In_SupportTeam" value="553"></parameter>
		<parameter name="In_PaymentTerm" value="NET_30"></parameter>
		<parameter name="In_VatNumber" value="GB0177282"></parameter>
		<parameter name="In_PaymentType" value="INVOICE"></parameter>
		<parameter name="In_Pvt" value="122800002017"></parameter>
		<parameter name="In_Polarity" value="Positive"></parameter>	
		<parameter name="Out_Testname" value="SL_TS_ACCT_01_validateCreateAQNotificationForBillingPrimaryMethodChanged"></parameter>
		<parameter name="Out_Suitename" value="Bazooka"></parameter>
		<parameter name="Out_JsonFileName" value="BazookaJsonTestResult"></parameter>
		<parameter name="Out_XmlFileName" value="BazookaXmlTestResult"></parameter>
		<parameter name="Out_XmlParentTagName" value="Coverages"></parameter>
		<groups>
			<run>
				<include name="Component" />
			</run>
		</groups>
		<classes>
			<class name="com.rackspace.sl.suite.SLTestSuite">
				<methods>
					<include
						name="SL_TS_ACCT_01_validateCreateAQNotificationForBillingPrimaryMethodChanged" />
				</methods>
			</class>
		</classes>
	</test>


	<test name="SL_TS_ACCT_09_Create_AQ_Notification">
		<parameter name="In_TemplateType" value="EXPIRY_CC_NOTIFICATION"></parameter>
		<parameter name="In_Profile" value="BSL_SYSTEM_ROLE"></parameter>
		<parameter name="In_Currency" value="USD"></parameter>
		<parameter name="In_Paytype" value="INVOICE"></parameter>
		<parameter name="In_NotificationOption" value="OPT_IN"></parameter>
		<parameter name="In_ContractingEntity" value="CONTRACT_US"></parameter>
		<parameter name="In_InvoiceDeliveryMethod" value="PAPERLESS"></parameter>
		<parameter name="In_SupportTeam" value="553"></parameter>
		<parameter name="In_PaymentTerm" value="NET_30"></parameter>
		<parameter name="In_VatNumber" value="GB0177282"></parameter>
		<parameter name="In_PaymentType" value="INVOICE"></parameter>
		<parameter name="In_Pvt" value="122800002017"></parameter>
		<parameter name="In_Polarity" value="Positive"></parameter>	
		<parameter name="Out_Testname" value="SL_TS_ACCT_01_validateCreateAQNotificationForBillingPrimaryMethodChanged"></parameter>
		<parameter name="Out_Suitename" value="Bazooka"></parameter>
		<parameter name="Out_JsonFileName" value="BazookaJsonTestResult"></parameter>
		<parameter name="Out_XmlFileName" value="BazookaXmlTestResult"></parameter>
		<parameter name="Out_XmlParentTagName" value="Coverages"></parameter>
		<groups>
			<run>
				<include name="Component" />
			</run>
		</groups>
		<classes>
			<class name="com.rackspace.sl.suite.SLTestSuite">
				<methods>
					<include
						name="SL_TS_ACCT_01_validateCreateAQNotificationForBillingPrimaryMethodChanged" />
				</methods>
			</class>
		</classes>
	</test>

 -->
</suite>