BATCHID1|RECORDID1|DAILY BILLING|TENANTID|FROMDATE||||EDMONTHYEAR|AMOUNT|12|895997|895997-AOAG.chantwest.com.au|SYD2||Virtual Server Cluster|Hosting Service|Recurring|AMOUNT|CURRENCY|Hosting Service|1|FROMDATE|||||
BATCHID1|RECORDID2|DAILY BILLING|TENANTID|FROMDATE||||EDMONTHYEAR|AMOUNT|12|895997|895997-AOAG.chantwest.com.au|UNKNOWN||Server|Hosting Service|Recurring|AMOUNT|CURRENCY|Hosting Service|1|FROMDATE|||||
BATCHID1|RECORDID3|DAILY BILLING|TENANTID|FROMDATE||||EDMONTHYEAR|AMOUNT|12|895997|895997-AOAG.chantwest.com.au|UNKNOWN||Firewall|Hosting Service|Recurring|AMOUNT|CURRENCY|Hosting Service|1|FROMDATE|||||
BATCHID1|RECORDID4|DAILY BILLING|TENANTID|FROMDATE||||EDMONTHYEAR|AMOUNT|12|895997|895997-AOAG.chantwest.com.au|UNKNOWN||Custom Monitoring|Hosting Service|Recurring|AMOUNT|CURRENCY|Hosting Service|1|FROMDATE|||||
BATCHID1|RECORDID5|DAILY BILLING|TENANTID|FROMDATE||||EDMONTHYEAR|AMOUNT|12|895997|895997-AOAG.chantwest.com.au|SYD4||Firewall|Hosting Service|Recurring|AMOUNT|CURRENCY|Hosting Service|1|FROMDATE|||||
BATCHID1|RECORDID6|DAILY BILLING|TENANTID|FROMDATE||||EDMONTHYEAR|AMOUNT|12|895997|895997-AOAG.chantwest.com.au|SYD2||Firewall|Hosting Service|Recurring|AMOUNT|CURRENCY|Hosting Service|1|FROMDATE|||||
BATCHID1|RECORDID7|DAILY BILLING|TENANTID|FROMDATE||||EDMONTHYEAR|AMOUNT|12|895997|895997-AOAG.chantwest.com.au|UNKNOWN||Server|Setup Fee|One-Time|AMOUNT|CURRENCY|Hosting Service|1|FROMDATE|||||
BATCHID1|RECORDID8|DAILY BILLING|TENANTID|FROMDATE||||EDMONTHYEAR|AMOUNT|12|895997|895997-AOAG.chantwest.com.au|UNKNOWN||Firewall|Setup Fee|One-Time|AMOUNT|CURRENCY|Hosting Service|1|FROMDATE|||||
BATCHID1|RECORDID9|DAILY BILLING|TENANTID|FROMDATE||||EDMONTHYEAR|AMOUNT|12|895997|895997-AOAG.chantwest.com.au|SYD4||Firewall|Setup Fee|One-Time|AMOUNT|CURRENCY|Hosting Service|1|FROMDATE|||||
BATCHID1|RECORDID10|DAILY BILLING|TENANTID|FROMDATE||||EDMONTHYEAR|AMOUNT|12|895997|895997-AOAG.chantwest.com.au|SYD2||Firewall|Setup Fee|One-Time|AMOUNT|CURRENCY|Hosting Service|1|FROMDATE|||||
BATCHID1|RECORDID11|DAILY BILLING|TENANTID|FROMDATE||||EDMONTHYEAR|AMOUNT|12|895997|895997-AOAG.chantwest.com.au|SYD4||Virtual Hosting|Hypervisor|Recurring|AMOUNT|CURRENCY|Hosting Service|1|FROMDATE|||||
BATCHID1|RECORDID12|DAILY BILLING|TENANTID|FROMDATE||||EDMONTHYEAR|AMOUNT|12|895997|895997-AOAG.chantwest.com.au|SYD2||Virtual Hosting|Hypervisor|Recurring|AMOUNT|CURRENCY|Hosting Service|1|FROMDATE|||||
BATCHID1|RECORDID13|DAILY BILLING|TENANTID|FROMDATE||||EDMONTHYEAR|AMOUNT|12|895997|895997-AOAG.chantwest.com.au|LON5||SAN|Hosting Service|Recurring|AMOUNT|CURRENCY|Hosting Service|1|FROMDATE|||||
BATCHID1|RECORDID14|DAILY BILLING|TENANTID|FROMDATE||||EDMONTHYEAR|AMOUNT|12|895997|895997-AOAG.chantwest.com.au|LON3||Server|Hosting Service|Recurring|AMOUNT|CURRENCY|Hosting Service|1|FROMDATE|||||
BATCHID1|RECORDID15|DAILY BILLING|TENANTID|FROMDATE||||EDMONTHYEAR|AMOUNT|12|895997|895997-AOAG.chantwest.com.au|LON3||SAN|Hosting Service|Recurring|AMOUNT|CURRENCY|Hosting Service|1|FROMDATE|||||
BATCHID1|RECORDID16|DAILY BILLING|TENANTID|FROMDATE||||EDMONTHYEAR|AMOUNT|12|895997|895997-AOAG.chantwest.com.au|DFW1||Server|Hosting Service|Recurring|AMOUNT|CURRENCY|Hosting Service|1|FROMDATE|||||
BATCHID1|RECORDID17|DAILY BILLING|TENANTID|FROMDATE||||EDMONTHYEAR|AMOUNT|12|895997|895997-AOAG.chantwest.com.au|IAD3||SAN|Hosting Service|Recurring|AMOUNT|CURRENCY|Hosting Service|1|FROMDATE|||||
BATCHID1|RECORDID18|DAILY BILLING|TENANTID|FROMDATE||||EDMONTHYEAR|AMOUNT|12|895997|895997-AOAG.chantwest.com.au|LON3||Virtual Server Cluster|Hosting Service|Recurring|AMOUNT|CURRENCY|Hosting Service|1|FROMDATE|||||
BATCHID1|RECORDID19|DAILY BILLING|TENANTID|FROMDATE||||EDMONTHYEAR|AMOUNT|12|895997|895997-AOAG.chantwest.com.au|LON3||Threat Manager|Hosting Service|Recurring|AMOUNT|CURRENCY|Hosting Service|1|FROMDATE|||||
BATCHID1|RECORDID20|DAILY BILLING|TENANTID|FROMDATE||||EDMONTHYEAR|AMOUNT|12|895997|895997-AOAG.chantwest.com.au|LON3||Load Balancer|Hosting Service|Recurring|AMOUNT|CURRENCY|Hosting Service|1|FROMDATE|||||
BATCHID1|RECORDID21|DAILY BILLING|TENANTID|FROMDATE||||EDMONTHYEAR|AMOUNT|12|895997|895997-AOAG.chantwest.com.au|LON3||Firewall|Hosting Service|Recurring|AMOUNT|CURRENCY|Hosting Service|1|FROMDATE|||||
BATCHID1|RECORDID22|DAILY BILLING|TENANTID|FROMDATE||||EDMONTHYEAR|AMOUNT|12|895997|895997-AOAG.chantwest.com.au|LON5||Dedicated SAN|Hosting Service|Recurring|AMOUNT|CURRENCY|Hosting Service|1|FROMDATE|||||
BATCHID1|RECORDID23|DAILY BILLING|TENANTID|FROMDATE||||EDMONTHYEAR|AMOUNT|12|895997|895997-AOAG.chantwest.com.au|HKG1||Colocation|Hosting Service|Recurring|AMOUNT|CURRENCY|Hosting Service|1|FROMDATE|||||
BATCHID1|RECORDID24|DAILY BILLING|TENANTID|FROMDATE||||EDMONTHYEAR|AMOUNT|12|895997|895997-AOAG.chantwest.com.au|LON3||USB|Hosting Service|Recurring|AMOUNT|CURRENCY|Hosting Service|1|FROMDATE|||||
BATCHID1|RECORDID25|DAILY BILLING|TENANTID|FROMDATE||||EDMONTHYEAR|AMOUNT|12|895997|895997-AOAG.chantwest.com.au|LON3||Custom Monitoring|Hosting Service|Recurring|AMOUNT|CURRENCY|Hosting Service|1|FROMDATE|||||
BATCHID1|RECORDID26|DAILY BILLING|TENANTID|FROMDATE||||EDMONTHYEAR|AMOUNT|12|895997|895997-AOAG.chantwest.com.au|LON3||Firewall|One Time Fee|One-Time|AMOUNT|CURRENCY|Hosting Service|1|FROMDATE|||||
BATCHID1|RECORDID27|DAILY BILLING|TENANTID|FROMDATE||||EDMONTHYEAR|AMOUNT|12|895997|895997-AOAG.chantwest.com.au|DFW1||USB|One Time Fee|One-Time|AMOUNT|CURRENCY|Hosting Service|1|FROMDATE|||||
BATCHID1|RECORDID28|DAILY BILLING|TENANTID|FROMDATE||||EDMONTHYEAR|AMOUNT|12|895997|895997-AOAG.chantwest.com.au|LON3||USB|One Time Fee|One-Time|AMOUNT|CURRENCY|Hosting Service|1|FROMDATE|||||
BATCHID1|RECORDID29|DAILY BILLING|TENANTID|FROMDATE||||EDMONTHYEAR|AMOUNT|12|895997|895997-AOAG.chantwest.com.au|United Kingdom||Thawte|1 Year Certificate|One-Time|AMOUNT|CURRENCY|Hosting Service|1|FROMDATE|||||
BATCHID1|RECORDID30|DAILY BILLING|TENANTID|FROMDATE||||EDMONTHYEAR|AMOUNT|12|895997|895997-AOAG.chantwest.com.au|United Kingdom||Thawte|2 Year Certificate|One-Time|AMOUNT|CURRENCY|Hosting Service|1|FROMDATE|||||
BATCHID1|RECORDID31|DAILY BILLING|TENANTID|FROMDATE||||EDMONTHYEAR|AMOUNT|12|895997|895997-AOAG.chantwest.com.au|LON3||Firewall|Setup Fee|One-Time|AMOUNT|CURRENCY|Hosting Service|1|FROMDATE|||||
BATCHID1|RECORDID32|DAILY BILLING|TENANTID|FROMDATE||||EDMONTHYEAR|AMOUNT|12|895997|895997-AOAG.chantwest.com.au|LON3||Server|Setup Fee|One-Time|AMOUNT|CURRENCY|Hosting Service|1|FROMDATE|||||
BATCHID1|RECORDID33|DAILY BILLING|TENANTID|FROMDATE||||EDMONTHYEAR|AMOUNT|12|895997|895997-AOAG.chantwest.com.au|LON3||SAN|Setup Fee|One-Time|AMOUNT|CURRENCY|Hosting Service|1|FROMDATE|||||
BATCHID1|RECORDID34|DAILY BILLING|TENANTID|FROMDATE||||EDMONTHYEAR|AMOUNT|12|895997|895997-AOAG.chantwest.com.au|LON3||Virtual Hosting|Setup Fee|One-Time|AMOUNT|CURRENCY|Hosting Service|1|FROMDATE|||||
BATCHID1|RECORDID35|DAILY BILLING|TENANTID|FROMDATE||||EDMONTHYEAR|AMOUNT|12|895997|895997-AOAG.chantwest.com.au|ORD1||Threat Manager|Setup Fee|One-Time|AMOUNT|CURRENCY|Hosting Service|1|FROMDATE|||||
BATCHID1|RECORDID36|DAILY BILLING|TENANTID|FROMDATE||||EDMONTHYEAR|AMOUNT|12|895997|895997-AOAG.chantwest.com.au|LON3||Threat Manager|Setup Fee|One-Time|AMOUNT|CURRENCY|Hosting Service|1|FROMDATE|||||
BATCHID1|RECORDID37|DAILY BILLING|TENANTID|FROMDATE||||EDMONTHYEAR|AMOUNT|12|895997|895997-AOAG.chantwest.com.au|UNKNOWN||Server|Prior Period Hosting Service|One-Time|AMOUNT|CURRENCY|Hosting Service|1|FROMDATE|||||
BATCHID1|RECORDID38|DAILY BILLING|TENANTID|FROMDATE||||EDMONTHYEAR|AMOUNT|12|895997|895997-AOAG.chantwest.com.au|UNKNOWN||Server|Prior Period Hosting Service|One-Time|AMOUNT|CURRENCY|Hosting Service|1|FROMDATE|||||
BATCHID1|RECORDID39|DAILY BILLING|TENANTID|FROMDATE||||EDMONTHYEAR|AMOUNT|12|895997|895997-AOAG.chantwest.com.au|DFW1||Server|Prior Period Hosting Service|One-Time|AMOUNT|CURRENCY|Hosting Service|1|FROMDATE|||||
BATCHID1|RECORDID40|DAILY BILLING|TENANTID|FROMDATE||||EDMONTHYEAR|AMOUNT|12|895997|895997-AOAG.chantwest.com.au|United Kingdom||Cloud Services|CLOUD ACCOUNT|Auto/File|AMOUNT|CURRENCY|Hosting Service|1|FROMDATE|||||
BATCHID1|RECORDID41|DAILY BILLING|TENANTID|FROMDATE||||EDMONTHYEAR|AMOUNT|12|895997|895997-AOAG.chantwest.com.au|LON3||Virtual Hosting|Hypervisor|Recurring|AMOUNT|CURRENCY|Hosting Service|1|FROMDATE|||||
BATCHID1|RECORDID42|DAILY BILLING|TENANTID|FROMDATE||||EDMONTHYEAR|AMOUNT|12|895997|895997-AOAG.chantwest.com.au|HKG1||Web Application Firewall|Prior Period Hosting Service|One-Time|AMOUNT|CURRENCY|Hosting Service|1|FROMDATE|||||
BATCHID1|RECORDID43|DAILY BILLING|TENANTID|FROMDATE||||EDMONTHYEAR|AMOUNT|12|895997|895997-AOAG.chantwest.com.au|Hong Kong||Fanatical Support for Office 365|O365 Premium|Auto/File|AMOUNT|CURRENCY|Hosting Service|1|FROMDATE|||||
BATCHID1|RECORDID44|DAILY BILLING|TENANTID|FROMDATE||||EDMONTHYEAR|AMOUNT|12|895997|895997-AOAG.chantwest.com.au|HKG1||Web Application Firewall|Hosting Service|Recurring|AMOUNT|CURRENCY|Hosting Service|1|FROMDATE|||||
BATCHID1|RECORDID45|DAILY BILLING|TENANTID|FROMDATE||||EDMONTHYEAR|AMOUNT|12|895997|895997-AOAG.chantwest.com.au|HKG1||SAN|Prior Period Hosting Service|One-Time|AMOUNT|CURRENCY|Hosting Service|1|FROMDATE|||||
BATCHID1|RECORDID46|DAILY BILLING|TENANTID|FROMDATE||||EDMONTHYEAR|AMOUNT|12|895997|895997-AOAG.chantwest.com.au|Hong Kong||Virtualization|Virtual Machine|Auto/File|AMOUNT|CURRENCY|Hosting Service|1|FROMDATE|||||
BATCHID1|RECORDID47|DAILY BILLING|TENANTID|FROMDATE||||EDMONTHYEAR|AMOUNT|12|895997|895997-AOAG.chantwest.com.au|HKG1||SAN|Hosting Service|Recurring|AMOUNT|CURRENCY|Hosting Service|1|FROMDATE|||||
BATCHID1|RECORDID48|DAILY BILLING|TENANTID|FROMDATE||||EDMONTHYEAR|AMOUNT|12|895997|895997-AOAG.chantwest.com.au|HKG1||Server|Hosting Service|Recurring|AMOUNT|CURRENCY|Hosting Service|1|FROMDATE|||||
BATCHID1|RECORDID49|DAILY BILLING|TENANTID|FROMDATE||||EDMONTHYEAR|AMOUNT|12|895997|895997-AOAG.chantwest.com.au|Switzerlnd||Thawte|1 Year Certificate|One-Time|AMOUNT|CURRENCY|Hosting Service|1|FROMDATE|||||
BATCHID1|RECORDID50|DAILY BILLING|TENANTID|FROMDATE||||EDMONTHYEAR|AMOUNT|12|895997|895997-AOAG.chantwest.com.au|Switzerlnd||Thawte|2 Year Certificate|One-Time|AMOUNT|CURRENCY|Hosting Service|1|FROMDATE|||||
BATCHID1|RECORDID51|DAILY BILLING|TENANTID|FROMDATE||||EDMONTHYEAR|AMOUNT|12|895997|895997-AOAG.chantwest.com.au|Switzerlnd||Virtualization|Virtual Machine|Auto/File|AMOUNT|CURRENCY|Hosting Service|1|FROMDATE|||||
BATCHID1|RECORDID52|DAILY BILLING|TENANTID|FROMDATE||||EDMONTHYEAR|AMOUNT|12|895997|895997-AOAG.chantwest.com.au|LON5||SAN|Prior Period Hosting Service|One-Time|AMOUNT|CURRENCY|Hosting Service|1|FROMDATE|||||
BATCHID1|RECORDID53|DAILY BILLING|TENANTID|FROMDATE||||EDMONTHYEAR|AMOUNT|12|895997|895997-AOAG.chantwest.com.au|LON5||SAN|Hosting Service|Recurring|AMOUNT|CURRENCY|Hosting Service|1|FROMDATE|||||
BATCHID1|RECORDID54|DAILY BILLING|TENANTID|FROMDATE||||EDMONTHYEAR|AMOUNT|12|895997|895997-AOAG.chantwest.com.au|United Kingdom||Virtualization|Virtual Machine|Auto/File|AMOUNT|CURRENCY|Hosting Service|1|FROMDATE|||||
BATCHID1|RECORDID55|DAILY BILLING|TENANTID|FROMDATE||||EDMONTHYEAR|AMOUNT|12|895997|895997-AOAG.chantwest.com.au|LON3||SAN|Prior Period Hosting Service|One-Time|AMOUNT|CURRENCY|Hosting Service|1|FROMDATE|||||
BATCHID1|RECORDID56|DAILY BILLING|TENANTID|FROMDATE||||EDMONTHYEAR|AMOUNT|12|895997|895997-AOAG.chantwest.com.au|LON3||Akamai|One Time Fee|One-Time|AMOUNT|CURRENCY|Hosting Service|1|FROMDATE|||||
BATCHID1|RECORDID57|DAILY BILLING|TENANTID|FROMDATE||||EDMONTHYEAR|AMOUNT|12|895997|895997-AOAG.chantwest.com.au|LON5||Firewall|One Time Fee|One-Time|AMOUNT|CURRENCY|Hosting Service|1|FROMDATE|||||
BATCHID1|RECORDID58|DAILY BILLING|TENANTID|FROMDATE||||EDMONTHYEAR|AMOUNT|12|895997|895997-AOAG.chantwest.com.au|LON5||SAN|One Time Fee|One-Time|AMOUNT|CURRENCY|Hosting Service|1|FROMDATE|||||
BATCHID1|RECORDID59|DAILY BILLING|TENANTID|FROMDATE||||EDMONTHYEAR|AMOUNT|12|895997|895997-AOAG.chantwest.com.au|LON3||Multi Factor Authentication|Setup Fee|One-Time|AMOUNT|CURRENCY|Hosting Service|1|FROMDATE|||||
BATCHID1|RECORDID60|DAILY BILLING|TENANTID|FROMDATE||||EDMONTHYEAR|AMOUNT|12|895997|895997-AOAG.chantwest.com.au|United Kingdom||Drive Wipe|CDW|One-Time|AMOUNT|CURRENCY|Hosting Service|1|FROMDATE|||||
BATCHID1|RECORDID61|DAILY BILLING|TENANTID|FROMDATE||||EDMONTHYEAR|AMOUNT|12|895997|895997-AOAG.chantwest.com.au|United Kingdom||Verisign|Additional License - 2 Year|One-Time|AMOUNT|CURRENCY|Hosting Service|1|FROMDATE|||||
BATCHID1|RECORDID62|DAILY BILLING|TENANTID|FROMDATE||||EDMONTHYEAR|AMOUNT|12|895997|895997-AOAG.chantwest.com.au|United Kingdom||Managed Exchange|One Time Fee|One-Time|AMOUNT|CURRENCY|Hosting Service|1|FROMDATE|||||
BATCHID1|RECORDID63|DAILY BILLING|TENANTID|FROMDATE||||EDMONTHYEAR|AMOUNT|12|895997|895997-AOAG.chantwest.com.au|LON5||Virtualization|Setup Fee|One-Time|AMOUNT|CURRENCY|Hosting Service|1|FROMDATE|||||
BATCHID1|RECORDID64|DAILY BILLING|TENANTID|FROMDATE||||EDMONTHYEAR|AMOUNT|12|895997|895997-AOAG.chantwest.com.au|United Kingdom||Managed Security|One Time Fee|One-Time|AMOUNT|CURRENCY|Hosting Service|1|FROMDATE|||||
BATCHID1|RECORDID65|DAILY BILLING|TENANTID|FROMDATE||||EDMONTHYEAR|AMOUNT|12|895997|895997-AOAG.chantwest.com.au|LON3||Akamai|Hosting Service|Recurring|AMOUNT|CURRENCY|Hosting Service|1|FROMDATE|||||
BATCHID1|RECORDID66|DAILY BILLING|TENANTID|FROMDATE||||EDMONTHYEAR|AMOUNT|12|895997|895997-AOAG.chantwest.com.au|LON3||Multi Factor Authentication|Hosting Service|Recurring|AMOUNT|CURRENCY|Hosting Service|1|FROMDATE|||||
BATCHID1|RECORDID67|DAILY BILLING|TENANTID|FROMDATE||||EDMONTHYEAR|AMOUNT|12|895997|895997-AOAG.chantwest.com.au|United Kingdom||Account Level Managed Backup|Account Level Managed Backup|Recurring|AMOUNT|CURRENCY|Hosting Service|1|FROMDATE|||||
BATCHID1|RECORDID68|DAILY BILLING|TENANTID|FROMDATE||||EDMONTHYEAR|AMOUNT|12|895997|895997-AOAG.chantwest.com.au|UNKNOWN||Firewall|Prior Period Hosting Service|One-Time|AMOUNT|CURRENCY|Hosting Service|1|FROMDATE|||||
BATCHID1|RECORDID69|DAILY BILLING|TENANTID|FROMDATE||||EDMONTHYEAR|AMOUNT|12|895997|895997-AOAG.chantwest.com.au|IAD3||Virtual Hosting|Hypervisor|Recurring|AMOUNT|CURRENCY|Hosting Service|1|FROMDATE|||||
BATCHID1|RECORDID70|DAILY BILLING|TENANTID|FROMDATE||||EDMONTHYEAR|AMOUNT|12|895997|895997-AOAG.chantwest.com.au|LON3||SAN|Hosting Service|Recurring|AMOUNT|CURRENCY|Hosting Service|1|FROMDATE|||||
BATCHID1|RECORDID71|DAILY BILLING|TENANTID|FROMDATE||||EDMONTHYEAR|AMOUNT|12|895997|895997-AOAG.chantwest.com.au|LON5||Firewall|Hosting Service|Recurring|AMOUNT|CURRENCY|Hosting Service|1|FROMDATE|||||
BATCHID1|RECORDID72|DAILY BILLING|TENANTID|FROMDATE||||EDMONTHYEAR|AMOUNT|12|895997|895997-AOAG.chantwest.com.au|IAD3||Load Balancer|Hosting Service|Recurring|AMOUNT|CURRENCY|Hosting Service|1|FROMDATE|||||
BATCHID1|RECORDID73|DAILY BILLING|TENANTID|FROMDATE||||EDMONTHYEAR|AMOUNT|12|895997|895997-AOAG.chantwest.com.au|IAD3||Server|Hosting Service|Recurring|AMOUNT|CURRENCY|Hosting Service|1|FROMDATE|||||
BATCHID1|RECORDID74|DAILY BILLING|TENANTID|FROMDATE||||EDMONTHYEAR|AMOUNT|12|895997|895997-AOAG.chantwest.com.au|IAD3||Firewall|Hosting Service|Recurring|AMOUNT|CURRENCY|Hosting Service|1|FROMDATE|||||
BATCHID1|RECORDID75|DAILY BILLING|TENANTID|FROMDATE||||EDMONTHYEAR|AMOUNT|12|895997|895997-AOAG.chantwest.com.au|LON5||Server|Hosting Service|Recurring|AMOUNT|CURRENCY|Hosting Service|1|FROMDATE|||||
BATCHID1|RECORDID76|DAILY BILLING|TENANTID|FROMDATE||||EDMONTHYEAR|AMOUNT|12|895997|895997-AOAG.chantwest.com.au|LON5||Threat Manager|Hosting Service|Recurring|AMOUNT|CURRENCY|Hosting Service|1|FROMDATE|||||
BATCHID1|RECORDID77|DAILY BILLING|TENANTID|FROMDATE||||EDMONTHYEAR|AMOUNT|12|895997|895997-AOAG.chantwest.com.au|UNKNOWN||Firewall|Hosting Service|Recurring|AMOUNT|CURRENCY|Hosting Service|1|FROMDATE|||||
BATCHID1|RECORDID78|DAILY BILLING|TENANTID|FROMDATE||||EDMONTHYEAR|AMOUNT|12|895997|895997-AOAG.chantwest.com.au|UNKNOWN||Server|Hosting Service|Recurring|AMOUNT|CURRENCY|Hosting Service|1|FROMDATE|||||
BATCHID1|RECORDID79|DAILY BILLING|TENANTID|FROMDATE||||EDMONTHYEAR|AMOUNT|12|895997|895997-AOAG.chantwest.com.au|IAD3||Switch|Hosting Service|Recurring|AMOUNT|CURRENCY|Hosting Service|1|FROMDATE|||||
BATCHID1|RECORDID80|DAILY BILLING|TENANTID|FROMDATE||||EDMONTHYEAR|AMOUNT|12|895997|895997-AOAG.chantwest.com.au|IAD3||Dedicated SAN|Hosting Service|Recurring|AMOUNT|CURRENCY|Hosting Service|1|FROMDATE|||||
BATCHID1|RECORDID81|DAILY BILLING|TENANTID|FROMDATE||||EDMONTHYEAR|AMOUNT|12|895997|895997-AOAG.chantwest.com.au|LON3||DNS Web Application Firewall|Hosting Service|Recurring|AMOUNT|CURRENCY|Hosting Service|1|FROMDATE|||||
BATCHID1|RECORDID82|DAILY BILLING|TENANTID|FROMDATE||||EDMONTHYEAR|AMOUNT|12|895997|895997-AOAG.chantwest.com.au|LON3||Web Application Firewall|Setup Fee|One-Time|AMOUNT|CURRENCY|Hosting Service|1|FROMDATE|||||
BATCHID1|RECORDID83|DAILY BILLING|TENANTID|FROMDATE||||EDMONTHYEAR|AMOUNT|12|895997|895997-AOAG.chantwest.com.au|United Kingdom||Professional Services|PS-One Time Fee|One-Time|AMOUNT|CURRENCY|Hosting Service|1|FROMDATE|||||
BATCHID1|RECORDID84|DAILY BILLING|TENANTID|FROMDATE||||EDMONTHYEAR|AMOUNT|12|895997|895997-AOAG.chantwest.com.au|LON3||Web Application Firewall|Hosting Service|Recurring|AMOUNT|CURRENCY|Hosting Service|1|FROMDATE|||||
BATCHID1|RECORDID85|DAILY BILLING|TENANTID|FROMDATE||||EDMONTHYEAR|AMOUNT|12|895997|895997-AOAG.chantwest.com.au|LON3||Shared SAN|Prior Period Hosting Service|One-Time|AMOUNT|CURRENCY|Hosting Service|1|FROMDATE|||||
BATCHID1|RECORDID86|DAILY BILLING|TENANTID|FROMDATE||||EDMONTHYEAR|AMOUNT|12|895997|895997-AOAG.chantwest.com.au|LON3||Shared SAN|Hosting Service|Recurring|AMOUNT|CURRENCY|Hosting Service|1|FROMDATE|||||
BATCHID1|RECORDID87|DAILY BILLING|TENANTID|FROMDATE||||EDMONTHYEAR|AMOUNT|12|895997|895997-AOAG.chantwest.com.au|DFW1||Virtual Hosting|Setup Fee|One-Time|AMOUNT|CURRENCY|Hosting Service|1|FROMDATE|||||
BATCHID1|RECORDID88|DAILY BILLING|TENANTID|FROMDATE||||EDMONTHYEAR|AMOUNT|12|895997|895997-AOAG.chantwest.com.au|Hong Kong||Thawte|1 Year Certificate|One-Time|AMOUNT|CURRENCY|Hosting Service|1|FROMDATE|||||
BATCHID1|RECORDID89|DAILY BILLING|TENANTID|FROMDATE||||EDMONTHYEAR|AMOUNT|12|895997|895997-AOAG.chantwest.com.au|DFW1||Virtual Hosting|Hypervisor|Recurring|AMOUNT|CURRENCY|Hosting Service|1|FROMDATE|||||
BATCHID1|RECORDID90|DAILY BILLING|TENANTID|FROMDATE||||EDMONTHYEAR|AMOUNT|12|895997|895997-AOAG.chantwest.com.au|ORD1||Server|Hosting Service|Recurring|AMOUNT|CURRENCY|Hosting Service|1|FROMDATE|||||
BATCHID1|RECORDID91|DAILY BILLING|TENANTID|FROMDATE||||EDMONTHYEAR|AMOUNT|12|895997|895997-AOAG.chantwest.com.au|Hong Kong||Fanatical Support for Office 365|O365 EnterpriseE1|Auto/File|AMOUNT|CURRENCY|Hosting Service|1|FROMDATE|||||
BATCHID1|RECORDID92|DAILY BILLING|TENANTID|FROMDATE||||EDMONTHYEAR|AMOUNT|12|895997|895997-AOAG.chantwest.com.au|ORD1||Firewall|One Time Fee|One-Time|AMOUNT|CURRENCY|Hosting Service|1|FROMDATE|||||
BATCHID1|RECORDID93|DAILY BILLING|TENANTID|FROMDATE||||EDMONTHYEAR|AMOUNT|12|895997|895997-AOAG.chantwest.com.au|ORD1||SAN|Hosting Service|Recurring|AMOUNT|CURRENCY|Hosting Service|1|FROMDATE|||||
BATCHID1|RECORDID94|DAILY BILLING|TENANTID|FROMDATE||||EDMONTHYEAR|AMOUNT|12|895997|895997-AOAG.chantwest.com.au|HKG1||Server|Setup Fee|One-Time|AMOUNT|CURRENCY|Hosting Service|1|FROMDATE|||||
BATCHID1|RECORDID95|DAILY BILLING|TENANTID|FROMDATE||||EDMONTHYEAR|AMOUNT|12|895997|895997-AOAG.chantwest.com.au|DFW1||Firewall|Hosting Service|Recurring|AMOUNT|CURRENCY|Hosting Service|1|FROMDATE|||||
BATCHID1|RECORDID96|DAILY BILLING|TENANTID|FROMDATE||||EDMONTHYEAR|AMOUNT|12|895997|895997-AOAG.chantwest.com.au|ORD1||Server|Prior Period Hosting Service|One-Time|AMOUNT|CURRENCY|Hosting Service|1|FROMDATE|||||
BATCHID1|RECORDID97|DAILY BILLING|TENANTID|FROMDATE||||EDMONTHYEAR|AMOUNT|12|895997|895997-AOAG.chantwest.com.au|ORD1||Firewall|Prior Period Hosting Service|One-Time|AMOUNT|CURRENCY|Hosting Service|1|FROMDATE|||||
BATCHID1|RECORDID98|DAILY BILLING|TENANTID|FROMDATE||||EDMONTHYEAR|AMOUNT|12|895997|895997-AOAG.chantwest.com.au|ORD1||Server|Hosting Service|Recurring|AMOUNT|CURRENCY|Hosting Service|1|FROMDATE|||||
BATCHID1|RECORDID99|DAILY BILLING|TENANTID|FROMDATE||||EDMONTHYEAR|AMOUNT|12|895997|895997-AOAG.chantwest.com.au|ORD1||Firewall|Hosting Service|Recurring|AMOUNT|CURRENCY|Hosting Service|1|FROMDATE|||||
BATCHID1|RECORDID100|DAILY BILLING|TENANTID|FROMDATE||||EDMONTHYEAR|AMOUNT|12|895997|895997-AOAG.chantwest.com.au|DFW1||Server|Hosting Service|Recurring|AMOUNT|CURRENCY|Hosting Service|1|FROMDATE|||||
BATCHID1|RECORDID101|DAILY BILLING|TENANTID|FROMDATE||||EDMONTHYEAR|AMOUNT|12|895997|895997-AOAG.chantwest.com.au|Switzerlnd||Professional Services|PS-One Time Fee|One-Time|AMOUNT|CURRENCY|Hosting Service|1|FROMDATE|||||
BATCHID1|RECORDID102|DAILY BILLING|TENANTID|FROMDATE||||EDMONTHYEAR|AMOUNT|12|895997|895997-AOAG.chantwest.com.au|LON5||Server|Setup Fee|One-Time|AMOUNT|CURRENCY|Hosting Service|1|FROMDATE|||||
BATCHID1|RECORDID103|DAILY BILLING|TENANTID|FROMDATE||||EDMONTHYEAR|AMOUNT|12|895997|895997-AOAG.chantwest.com.au|ORD1||Firewall|Hosting Service|Recurring|AMOUNT|CURRENCY|Hosting Service|1|FROMDATE|||||
BATCHID1|RECORDID104|DAILY BILLING|TENANTID|FROMDATE||||EDMONTHYEAR|AMOUNT|12|895997|895997-AOAG.chantwest.com.au|LON3||Firewall|Prior Period Hosting Service|One-Time|AMOUNT|CURRENCY|Hosting Service|1|FROMDATE|||||
BATCHID1|RECORDID105|DAILY BILLING|TENANTID|FROMDATE||||EDMONTHYEAR|AMOUNT|12|895997|895997-AOAG.chantwest.com.au|LON3||Server|Hosting Service|Recurring|AMOUNT|CURRENCY|Hosting Service|1|FROMDATE|||||
BATCHID1|RECORDID106|DAILY BILLING|TENANTID|FROMDATE||||EDMONTHYEAR|AMOUNT|12|895997|895997-AOAG.chantwest.com.au|LON3||Firewall|Prior Period Hosting Service|One-Time|AMOUNT|CURRENCY|Hosting Service|1|FROMDATE|||||
BATCHID1|RECORDID107|DAILY BILLING|TENANTID|FROMDATE||||EDMONTHYEAR|AMOUNT|12|895997|895997-AOAG.chantwest.com.au|LON5||DDoS Mitigation Services|Hosting Service|Recurring|AMOUNT|CURRENCY|Hosting Service|1|FROMDATE|||||
BATCHID1|RECORDID108|DAILY BILLING|TENANTID|FROMDATE||||EDMONTHYEAR|AMOUNT|12|895997|895997-AOAG.chantwest.com.au|LON5||Virtual Hosting|Hypervisor|Recurring|AMOUNT|CURRENCY|Hosting Service|1|FROMDATE|||||
BATCHID1|RECORDID109|DAILY BILLING|TENANTID|FROMDATE||||EDMONTHYEAR|AMOUNT|12|895997|895997-AOAG.chantwest.com.au|LON3||NAS|Hosting Service|Recurring|AMOUNT|CURRENCY|Hosting Service|1|FROMDATE|||||
BATCHID1|RECORDID110|DAILY BILLING|TENANTID|FROMDATE||||EDMONTHYEAR|AMOUNT|12|895997|895997-AOAG.chantwest.com.au|LON3||Firewall|Hosting Service|Recurring|AMOUNT|CURRENCY|Hosting Service|1|FROMDATE|||||
BATCHID1|RECORDID111|DAILY BILLING|TENANTID|FROMDATE||||EDMONTHYEAR|AMOUNT|12|895997|895997-AOAG.chantwest.com.au|LON5||Load Balancer|Hosting Service|Recurring|AMOUNT|CURRENCY|Hosting Service|1|FROMDATE|||||
BATCHID1|RECORDID112|DAILY BILLING|TENANTID|FROMDATE||||EDMONTHYEAR|AMOUNT|12|895997|895997-AOAG.chantwest.com.au|LON3||Server|Prior Period Hosting Service|One-Time|AMOUNT|CURRENCY|Hosting Service|1|FROMDATE|||||
BATCHID1|RECORDID113|DAILY BILLING|TENANTID|FROMDATE||||EDMONTHYEAR|AMOUNT|12|895997|895997-AOAG.chantwest.com.au|Hong Kong||Professional Services|PS-One Time Fee|One-Time|AMOUNT|CURRENCY|Hosting Service|1|FROMDATE|||||
BATCHID1|RECORDID114|DAILY BILLING|TENANTID|FROMDATE||||EDMONTHYEAR|AMOUNT|12|895997|895997-AOAG.chantwest.com.au|LON3||Virtual Hosting|Virtual Machine Hosting|Recurring|AMOUNT|CURRENCY|Hosting Service|1|FROMDATE|||||
BATCHID1|RECORDID115|DAILY BILLING|TENANTID|FROMDATE||||EDMONTHYEAR|AMOUNT|12|895997|895997-AOAG.chantwest.com.au|LON3||Virtual Hosting|Prior Period VM Hosting|One-Time|AMOUNT|CURRENCY|Hosting Service|1|FROMDATE|||||
BATCHID1|RECORDID116|DAILY BILLING|TENANTID|FROMDATE||||EDMONTHYEAR|AMOUNT|12|895997|895997-AOAG.chantwest.com.au|LON3||SAN|Prior Period Setup Fee|One-Time|AMOUNT|CURRENCY|Hosting Service|1|FROMDATE|||||
BATCHID1|RECORDID117|DAILY BILLING|TENANTID|FROMDATE||||EDMONTHYEAR|AMOUNT|12|895997|895997-AOAG.chantwest.com.au|LON5||Virtual Hosting|Setup Fee|One-Time|AMOUNT|CURRENCY|Hosting Service|1|FROMDATE|||||
BATCHID1|RECORDID118|DAILY BILLING|TENANTID|FROMDATE||||EDMONTHYEAR|AMOUNT|12|895997|895997-AOAG.chantwest.com.au|United Kingdom||Virtualization|Setup Fee|One-Time|AMOUNT|CURRENCY|Hosting Service|1|FROMDATE|||||
BATCHID1|RECORDID119|DAILY BILLING|TENANTID|FROMDATE||||EDMONTHYEAR|AMOUNT|12|895997|895997-AOAG.chantwest.com.au|LON3||Virtualization|Setup Fee|One-Time|AMOUNT|CURRENCY|Hosting Service|1|FROMDATE|||||
BATCHID1|RECORDID121|DAILY BILLING|TENANTID|FROMDATE||||EDMONTHYEAR|AMOUNT|12|895997|895997-AOAG.chantwest.com.au|SYD2||SAN|Hosting Service|Recurring|AMOUNT|CURRENCY|Hosting Service|1|FROMDATE|||||
BATCHID1|RECORDID122|DAILY BILLING|TENANTID|FROMDATE||||EDMONTHYEAR|AMOUNT|12|895997|895997-AOAG.chantwest.com.au|SYD2||Server|Hosting Service|Recurring|AMOUNT|CURRENCY|Hosting Service|1|FROMDATE|||||
BATCHID1|RECORDID123|DAILY BILLING|TENANTID|FROMDATE||||EDMONTHYEAR|AMOUNT|12|895997|895997-AOAG.chantwest.com.au|LON5||USB|Hosting Service|Recurring|AMOUNT|CURRENCY|Hosting Service|1|FROMDATE|||||
BATCHID1|RECORDID124|DAILY BILLING|TENANTID|FROMDATE||||EDMONTHYEAR|AMOUNT|12|895997|895997-AOAG.chantwest.com.au|United Kingdom||Symantec|1 Year Certificate|One-Time|AMOUNT|CURRENCY|Hosting Service|1|FROMDATE|||||
BATCHID1|RECORDID125|DAILY BILLING|TENANTID|FROMDATE||||EDMONTHYEAR|AMOUNT|12|895997|895997-AOAG.chantwest.com.au|LON3||Virtual Hosting|Virtual Machine Hosting|Recurring|AMOUNT|CURRENCY|Hosting Service|1|FROMDATE|||||
BATCHID1|RECORDID126|DAILY BILLING|TENANTID|FROMDATE||||EDMONTHYEAR|AMOUNT|12|895997|895997-AOAG.chantwest.com.au|UNKNOWN||Akamai|Hosting Service|Recurring|AMOUNT|CURRENCY|Hosting Service|1|FROMDATE|||||
BATCHID1|RECORDID127|DAILY BILLING|TENANTID|FROMDATE||||EDMONTHYEAR|AMOUNT|12|895997|895997-AOAG.chantwest.com.au|LON3||DNS Web Application Firewall|Hosting Service|Recurring|AMOUNT|CURRENCY|Hosting Service|1|FROMDATE|||||
BATCHID1|RECORDID128|DAILY BILLING|TENANTID|FROMDATE||||EDMONTHYEAR|AMOUNT|12|895997|895997-AOAG.chantwest.com.au|UNKNOWN||Akamai|One Time Fee|One-Time|AMOUNT|CURRENCY|Hosting Service|1|FROMDATE|||||
BATCHID1|RECORDID129|DAILY BILLING|TENANTID|FROMDATE||||EDMONTHYEAR|AMOUNT|12|895997|895997-AOAG.chantwest.com.au|DFW1||Firewall|One Time Fee|One-Time|AMOUNT|CURRENCY|Hosting Service|1|FROMDATE|||||
BATCHID1|RECORDID130|DAILY BILLING|TENANTID|FROMDATE||||EDMONTHYEAR|AMOUNT|12|895997|895997-AOAG.chantwest.com.au|LON5||Load Balancer|Setup Fee|One-Time|AMOUNT|CURRENCY|Hosting Service|1|FROMDATE|||||
BATCHID1|RECORDID131|DAILY BILLING|TENANTID|FROMDATE||||EDMONTHYEAR|AMOUNT|12|895997|895997-AOAG.chantwest.com.au|LON3||Server|One Time Fee|One-Time|AMOUNT|CURRENCY|Hosting Service|1|FROMDATE|||||
BATCHID1|RECORDID132|DAILY BILLING|TENANTID|FROMDATE||||EDMONTHYEAR|AMOUNT|12|895997|895997-AOAG.chantwest.com.au|IAD2||SAN|Hosting Service|Recurring|AMOUNT|CURRENCY|Hosting Service|1|FROMDATE|||||
BATCHID1|RECORDID133|DAILY BILLING|TENANTID|FROMDATE||||EDMONTHYEAR|AMOUNT|12|895997|895997-AOAG.chantwest.com.au|Hong Kong||Virtualization|Prior Period Virtualization|One-Time|AMOUNT|CURRENCY|Hosting Service|1|FROMDATE|||||
BATCHID1|RECORDID134|DAILY BILLING|TENANTID|FROMDATE||||EDMONTHYEAR|AMOUNT|12|895997|895997-AOAG.chantwest.com.au|HKG1||USB|One Time Fee|One-Time|AMOUNT|CURRENCY|Hosting Service|1|FROMDATE|||||
BATCHID1|RECORDID135|DAILY BILLING|TENANTID|FROMDATE||||EDMONTHYEAR|AMOUNT|12|895997|895997-AOAG.chantwest.com.au|HKG1||Server|Hosting Service|Recurring|AMOUNT|CURRENCY|Hosting Service|1|FROMDATE|||||
BATCHID1|RECORDID136|DAILY BILLING|TENANTID|FROMDATE||||EDMONTHYEAR|AMOUNT|12|895997|895997-AOAG.chantwest.com.au|IAD3||Threat Manager|One Time Fee|One-Time|AMOUNT|CURRENCY|Hosting Service|1|FROMDATE|||||
BATCHID1|RECORDID137|DAILY BILLING|TENANTID|FROMDATE||||EDMONTHYEAR|AMOUNT|12|895997|895997-AOAG.chantwest.com.au|IAD3||Web Application Firewall|One Time Fee|One-Time|AMOUNT|CURRENCY|Hosting Service|1|FROMDATE|||||
BATCHID1|RECORDID138|DAILY BILLING|TENANTID|FROMDATE||||EDMONTHYEAR|AMOUNT|12|895997|895997-AOAG.chantwest.com.au|ORD1||Server|Setup Fee|One-Time|AMOUNT|CURRENCY|Hosting Service|1|FROMDATE|||||
BATCHID1|RECORDID139|DAILY BILLING|TENANTID|FROMDATE||||EDMONTHYEAR|AMOUNT|12|895997|895997-AOAG.chantwest.com.au|ORD1||Virtual Hosting|Setup Fee|One-Time|AMOUNT|CURRENCY|Hosting Service|1|FROMDATE|||||
BATCHID1|RECORDID140|DAILY BILLING|TENANTID|FROMDATE||||EDMONTHYEAR|AMOUNT|12|895997|895997-AOAG.chantwest.com.au|IAD3||Server|Setup Fee|One-Time|AMOUNT|CURRENCY|Hosting Service|1|FROMDATE|||||
BATCHID1|RECORDID141|DAILY BILLING|TENANTID|FROMDATE||||EDMONTHYEAR|AMOUNT|12|895997|895997-AOAG.chantwest.com.au|IAD3||Firewall|Setup Fee|One-Time|AMOUNT|CURRENCY|Hosting Service|1|FROMDATE|||||
BATCHID1|RECORDID142|DAILY BILLING|TENANTID|FROMDATE||||EDMONTHYEAR|AMOUNT|12|895997|895997-AOAG.chantwest.com.au|ORD1||Firewall|Setup Fee|One-Time|AMOUNT|CURRENCY|Hosting Service|1|FROMDATE|||||
BATCHID1|RECORDID143|DAILY BILLING|TENANTID|FROMDATE||||EDMONTHYEAR|AMOUNT|12|895997|895997-AOAG.chantwest.com.au|ORD1||Shared SAN|Setup Fee|One-Time|AMOUNT|CURRENCY|Hosting Service|1|FROMDATE|||||
BATCHID1|RECORDID144|DAILY BILLING|TENANTID|FROMDATE||||EDMONTHYEAR|AMOUNT|12|895997|895997-AOAG.chantwest.com.au|IAD3||DAS|Setup Fee|One-Time|AMOUNT|CURRENCY|Hosting Service|1|FROMDATE|||||
BATCHID1|RECORDID145|DAILY BILLING|TENANTID|FROMDATE||||EDMONTHYEAR|AMOUNT|12|895997|895997-AOAG.chantwest.com.au|IAD3||Firewall|One Time Fee|One-Time|AMOUNT|CURRENCY|Hosting Service|1|FROMDATE|||||
BATCHID1|RECORDID146|DAILY BILLING|TENANTID|FROMDATE||||EDMONTHYEAR|AMOUNT|12|895997|895997-AOAG.chantwest.com.au|United States||Thawte|1 Year Certificate|One-Time|AMOUNT|CURRENCY|Hosting Service|1|FROMDATE|||||
BATCHID1|RECORDID147|DAILY BILLING|TENANTID|FROMDATE||||EDMONTHYEAR|AMOUNT|12|895997|895997-AOAG.chantwest.com.au|United States||Thawte|2 Year Certificate|One-Time|AMOUNT|CURRENCY|Hosting Service|1|FROMDATE|||||
BATCHID1|RECORDID148|DAILY BILLING|TENANTID|FROMDATE||||EDMONTHYEAR|AMOUNT|12|895997|895997-AOAG.chantwest.com.au|United States||Symantec|1 Year Certificate|One-Time|AMOUNT|CURRENCY|Hosting Service|1|FROMDATE|||||
BATCHID1|RECORDID149|DAILY BILLING|TENANTID|FROMDATE||||EDMONTHYEAR|AMOUNT|12|895997|895997-AOAG.chantwest.com.au|United States||Drive Wipe|CDW|One-Time|AMOUNT|CURRENCY|Hosting Service|1|FROMDATE|||||
BATCHID1|RECORDID150|DAILY BILLING|TENANTID|FROMDATE||||EDMONTHYEAR|AMOUNT|12|895997|895997-AOAG.chantwest.com.au|United States||Professional Services|PS Migration Services|One-Time|AMOUNT|CURRENCY|Hosting Service|1|FROMDATE|||||
BATCHID1|RECORDID151|DAILY BILLING|TENANTID|FROMDATE||||EDMONTHYEAR|AMOUNT|12|895997|895997-AOAG.chantwest.com.au|United States||Professional Services|PS-One Time Fee|One-Time|AMOUNT|CURRENCY|Hosting Service|1|FROMDATE|||||
BATCHID1|RECORDID152|DAILY BILLING|TENANTID|FROMDATE||||EDMONTHYEAR|AMOUNT|12|895997|895997-AOAG.chantwest.com.au|IAD3||Server|Prepay Hosting Service|One-Time|AMOUNT|CURRENCY|Hosting Service|1|FROMDATE|||||
BATCHID1|RECORDID153|DAILY BILLING|TENANTID|FROMDATE||||EDMONTHYEAR|AMOUNT|12|895997|895997-AOAG.chantwest.com.au|DFW3||Firewall|Setup Fee|One-Time|AMOUNT|CURRENCY|Hosting Service|1|FROMDATE|||||
BATCHID1|RECORDID154|DAILY BILLING|TENANTID|FROMDATE||||EDMONTHYEAR|AMOUNT|12|895997|895997-AOAG.chantwest.com.au|DFW1||Threat Manager|One Time Fee|One-Time|AMOUNT|CURRENCY|Hosting Service|1|FROMDATE|||||
BATCHID1|RECORDID155|DAILY BILLING|TENANTID|FROMDATE||||EDMONTHYEAR|AMOUNT|12|895997|895997-AOAG.chantwest.com.au|DFW1||Server|Setup Fee|One-Time|AMOUNT|CURRENCY|Hosting Service|1|FROMDATE|||||
BATCHID1|RECORDID156|DAILY BILLING|TENANTID|FROMDATE||||EDMONTHYEAR|AMOUNT|12|895997|895997-AOAG.chantwest.com.au|DFW3||Server|Setup Fee|One-Time|AMOUNT|CURRENCY|Hosting Service|1|FROMDATE|||||
BATCHID1|RECORDID157|DAILY BILLING|TENANTID|FROMDATE||||EDMONTHYEAR|AMOUNT|12|895997|895997-AOAG.chantwest.com.au|ORD1||RPC CORE|Setup Fee|One-Time|AMOUNT|CURRENCY|Hosting Service|1|FROMDATE|||||
BATCHID1|RECORDID158|DAILY BILLING|TENANTID|FROMDATE||||EDMONTHYEAR|AMOUNT|12|895997|895997-AOAG.chantwest.com.au|DFW3||Multi Factor Authentication|One Time Fee|One-Time|AMOUNT|CURRENCY|Hosting Service|1|FROMDATE|||||
BATCHID1|RECORDID159|DAILY BILLING|TENANTID|FROMDATE||||EDMONTHYEAR|AMOUNT|12|895997|895997-AOAG.chantwest.com.au|DFW3||Firewall|One Time Fee|One-Time|AMOUNT|CURRENCY|Hosting Service|1|FROMDATE|||||
BATCHID1|RECORDID160|DAILY BILLING|TENANTID|FROMDATE||||EDMONTHYEAR|AMOUNT|12|895997|895997-AOAG.chantwest.com.au|DFW3||Log Manager|One Time Fee|One-Time|AMOUNT|CURRENCY|Hosting Service|1|FROMDATE|||||
BATCHID1|RECORDID161|DAILY BILLING|TENANTID|FROMDATE||||EDMONTHYEAR|AMOUNT|12|895997|895997-AOAG.chantwest.com.au|DFW3||Threat Manager|One Time Fee|One-Time|AMOUNT|CURRENCY|Hosting Service|1|FROMDATE|||||
BATCHID1|RECORDID162|DAILY BILLING|TENANTID|FROMDATE||||EDMONTHYEAR|AMOUNT|12|895997|895997-AOAG.chantwest.com.au|DFW3||Web Application Firewall|One Time Fee|One-Time|AMOUNT|CURRENCY|Hosting Service|1|FROMDATE|||||
BATCHID1|RECORDID163|DAILY BILLING|TENANTID|FROMDATE||||EDMONTHYEAR|AMOUNT|12|895997|895997-AOAG.chantwest.com.au|DFW1||Dedicated SAN|Setup Fee|One-Time|AMOUNT|CURRENCY|Hosting Service|1|FROMDATE|||||
BATCHID1|RECORDID164|DAILY BILLING|TENANTID|FROMDATE||||EDMONTHYEAR|AMOUNT|12|895997|895997-AOAG.chantwest.com.au|DFW1||Switch|Setup Fee|One-Time|AMOUNT|CURRENCY|Hosting Service|1|FROMDATE|||||
BATCHID1|RECORDID165|DAILY BILLING|TENANTID|FROMDATE||||EDMONTHYEAR|AMOUNT|12|895997|895997-AOAG.chantwest.com.au|IAD3||Colocation|Setup Fee|One-Time|AMOUNT|CURRENCY|Hosting Service|1|FROMDATE|||||
BATCHID1|RECORDID166|DAILY BILLING|TENANTID|FROMDATE||||EDMONTHYEAR|AMOUNT|12|895997|895997-AOAG.chantwest.com.au|ORD1||Web Application Firewall|One Time Fee|One-Time|AMOUNT|CURRENCY|Hosting Service|1|FROMDATE|||||
BATCHID1|RECORDID167|DAILY BILLING|TENANTID|FROMDATE||||EDMONTHYEAR|AMOUNT|12|895997|895997-AOAG.chantwest.com.au|IAD2||Firewall|Setup Fee|One-Time|AMOUNT|CURRENCY|Hosting Service|1|FROMDATE|||||
BATCHID1|RECORDID168|DAILY BILLING|TENANTID|FROMDATE||||EDMONTHYEAR|AMOUNT|12|895997|895997-AOAG.chantwest.com.au|DFW3||Virtual Hosting|Setup Fee|One-Time|AMOUNT|CURRENCY|Hosting Service|1|FROMDATE|||||
BATCHID1|RECORDID169|DAILY BILLING|TENANTID|FROMDATE||||EDMONTHYEAR|AMOUNT|12|895997|895997-AOAG.chantwest.com.au|ORD1||Multi Factor Authentication|One Time Fee|One-Time|AMOUNT|CURRENCY|Hosting Service|1|FROMDATE|||||
BATCHID1|RECORDID170|DAILY BILLING|TENANTID|FROMDATE||||EDMONTHYEAR|AMOUNT|12|895997|895997-AOAG.chantwest.com.au|United States||Managed Security|One Time Fee|One-Time|AMOUNT|CURRENCY|Hosting Service|1|FROMDATE|||||
BATCHID1|RECORDID171|DAILY BILLING|TENANTID|FROMDATE||||EDMONTHYEAR|AMOUNT|12|895997|895997-AOAG.chantwest.com.au|United States||Aggregate Bandwidth|AGG BW Additional Subscription|Recurring|AMOUNT|CURRENCY|Hosting Service|1|FROMDATE|||||
BATCHID1|RECORDID172|DAILY BILLING|TENANTID|FROMDATE||||EDMONTHYEAR|AMOUNT|12|895997|895997-AOAG.chantwest.com.au|ORD1||Virtualization|Setup Fee|One-Time|AMOUNT|CURRENCY|Hosting Service|1|FROMDATE|||||
BATCHID1|RECORDID173|DAILY BILLING|TENANTID|FROMDATE||||EDMONTHYEAR|AMOUNT|12|895997|895997-AOAG.chantwest.com.au|United States||Symantec|2 Year Certificate|One-Time|AMOUNT|CURRENCY|Hosting Service|1|FROMDATE|||||
BATCHID1|RECORDID174|DAILY BILLING|TENANTID|FROMDATE||||EDMONTHYEAR|AMOUNT|12|895997|895997-AOAG.chantwest.com.au|DFW3||Server|Hosting Service|Recurring|AMOUNT|CURRENCY|Hosting Service|1|FROMDATE|||||
BATCHID1|RECORDID175|DAILY BILLING|TENANTID|FROMDATE||||EDMONTHYEAR|AMOUNT|12|895997|895997-AOAG.chantwest.com.au|IAD3||SQL Cluster|Hosting Service|Recurring|AMOUNT|CURRENCY|Hosting Service|1|FROMDATE|||||
BATCHID1|RECORDID176|DAILY BILLING|TENANTID|FROMDATE||||EDMONTHYEAR|AMOUNT|12|895997|895997-AOAG.chantwest.com.au|IAD3||Threat Manager|Hosting Service|Recurring|AMOUNT|CURRENCY|Hosting Service|1|FROMDATE|||||
BATCHID1|RECORDID177|DAILY BILLING|TENANTID|FROMDATE||||EDMONTHYEAR|AMOUNT|12|895997|895997-AOAG.chantwest.com.au|IAD3||Virtual Server Cluster|Hosting Service|Recurring|AMOUNT|CURRENCY|Hosting Service|1|FROMDATE|||||
BATCHID1|RECORDID178|DAILY BILLING|TENANTID|FROMDATE||||EDMONTHYEAR|AMOUNT|12|895997|895997-AOAG.chantwest.com.au|DFW3||Colocation|Hosting Service|Recurring|AMOUNT|CURRENCY|Hosting Service|1|FROMDATE|||||
BATCHID1|RECORDID179|DAILY BILLING|TENANTID|FROMDATE||||EDMONTHYEAR|AMOUNT|12|895997|895997-AOAG.chantwest.com.au|DFW3||Firewall|Hosting Service|Recurring|AMOUNT|CURRENCY|Hosting Service|1|FROMDATE|||||
BATCHID1|RECORDID180|DAILY BILLING|TENANTID|FROMDATE||||EDMONTHYEAR|AMOUNT|12|895997|895997-AOAG.chantwest.com.au|ORD1||Custom Monitoring|Hosting Service|Recurring|AMOUNT|CURRENCY|Hosting Service|1|FROMDATE|||||
BATCHID1|RECORDID181|DAILY BILLING|TENANTID|FROMDATE||||EDMONTHYEAR|AMOUNT|12|895997|895997-AOAG.chantwest.com.au|IAD3||Custom Monitoring|Hosting Service|Recurring|AMOUNT|CURRENCY|Hosting Service|1|FROMDATE|||||
BATCHID1|RECORDID182|DAILY BILLING|TENANTID|FROMDATE||||EDMONTHYEAR|AMOUNT|12|895997|895997-AOAG.chantwest.com.au|IAD2||Firewall|Hosting Service|Recurring|AMOUNT|CURRENCY|Hosting Service|1|FROMDATE|||||
BATCHID1|RECORDID183|DAILY BILLING|TENANTID|FROMDATE||||EDMONTHYEAR|AMOUNT|12|895997|895997-AOAG.chantwest.com.au|IAD3||Web Application Firewall|Hosting Service|Recurring|AMOUNT|CURRENCY|Hosting Service|1|FROMDATE|||||
BATCHID1|RECORDID184|DAILY BILLING|TENANTID|FROMDATE||||EDMONTHYEAR|AMOUNT|12|895997|895997-AOAG.chantwest.com.au|DFW1||Dedicated SAN|Hosting Service|Recurring|AMOUNT|CURRENCY|Hosting Service|1|FROMDATE|||||
BATCHID1|RECORDID185|DAILY BILLING|TENANTID|FROMDATE||||EDMONTHYEAR|AMOUNT|12|895997|895997-AOAG.chantwest.com.au|ORD1||Multi Factor Authentication|Hosting Service|Recurring|AMOUNT|CURRENCY|Hosting Service|1|FROMDATE|||||
BATCHID1|RECORDID186|DAILY BILLING|TENANTID|FROMDATE||||EDMONTHYEAR|AMOUNT|12|895997|895997-AOAG.chantwest.com.au|ORD1||USB|Hosting Service|Recurring|AMOUNT|CURRENCY|Hosting Service|1|FROMDATE|||||
BATCHID1|RECORDID187|DAILY BILLING|TENANTID|FROMDATE||||EDMONTHYEAR|AMOUNT|12|895997|895997-AOAG.chantwest.com.au|ORD1||Akamai|Hosting Service|Recurring|AMOUNT|CURRENCY|Hosting Service|1|FROMDATE|||||
BATCHID1|RECORDID188|DAILY BILLING|TENANTID|FROMDATE||||EDMONTHYEAR|AMOUNT|12|895997|895997-AOAG.chantwest.com.au|IAD2||Shared SAN|Hosting Service|Recurring|AMOUNT|CURRENCY|Hosting Service|1|FROMDATE|||||
BATCHID1|RECORDID189|DAILY BILLING|TENANTID|FROMDATE||||EDMONTHYEAR|AMOUNT|12|895997|895997-AOAG.chantwest.com.au|ORD1||Load Balancer|Hosting Service|Recurring|AMOUNT|CURRENCY|Hosting Service|1|FROMDATE|||||
BATCHID1|RECORDID190|DAILY BILLING|TENANTID|FROMDATE||||EDMONTHYEAR|AMOUNT|12|895997|895997-AOAG.chantwest.com.au|ORD1||Connection Device|Hosting Service|Recurring|AMOUNT|CURRENCY|Hosting Service|1|FROMDATE|||||
BATCHID1|RECORDID191|DAILY BILLING|TENANTID|FROMDATE||||EDMONTHYEAR|AMOUNT|12|895997|895997-AOAG.chantwest.com.au|IAD3||Shared SAN|Hosting Service|Recurring|AMOUNT|CURRENCY|Hosting Service|1|FROMDATE|||||
BATCHID1|RECORDID192|DAILY BILLING|TENANTID|FROMDATE||||EDMONTHYEAR|AMOUNT|12|895997|895997-AOAG.chantwest.com.au|ORD1||Shared SAN|Hosting Service|Recurring|AMOUNT|CURRENCY|Hosting Service|1|FROMDATE|||||
BATCHID1|RECORDID193|DAILY BILLING|TENANTID|FROMDATE||||EDMONTHYEAR|AMOUNT|12|895997|895997-AOAG.chantwest.com.au|ORD1||Virtual Hosting|Hypervisor|Recurring|AMOUNT|CURRENCY|Hosting Service|1|FROMDATE|||||
BATCHID1|RECORDID194|DAILY BILLING|TENANTID|FROMDATE||||EDMONTHYEAR|AMOUNT|12|895997|895997-AOAG.chantwest.com.au|IAD3||Colocation|Hosting Service|Recurring|AMOUNT|CURRENCY|Hosting Service|1|FROMDATE|||||
BATCHID1|RECORDID195|DAILY BILLING|TENANTID|FROMDATE||||EDMONTHYEAR|AMOUNT|12|895997|895997-AOAG.chantwest.com.au|ORD1||Virtual Server Cluster|Hosting Service|Recurring|AMOUNT|CURRENCY|Hosting Service|1|FROMDATE|||||
BATCHID1|RECORDID196|DAILY BILLING|TENANTID|FROMDATE||||EDMONTHYEAR|AMOUNT|12|895997|895997-AOAG.chantwest.com.au|ORD1||Dedicated SAN|Hosting Service|Recurring|AMOUNT|CURRENCY|Hosting Service|1|FROMDATE|||||
BATCHID1|RECORDID197|DAILY BILLING|TENANTID|FROMDATE||||EDMONTHYEAR|AMOUNT|12|895997|895997-AOAG.chantwest.com.au|ORD1||Colocation|Hosting Service|Recurring|AMOUNT|CURRENCY|Hosting Service|1|FROMDATE|||||
BATCHID1|RECORDID198|DAILY BILLING|TENANTID|FROMDATE||||EDMONTHYEAR|AMOUNT|12|895997|895997-AOAG.chantwest.com.au|LON3||Dedicated SAN|Hosting Service|Recurring|AMOUNT|CURRENCY|Hosting Service|1|FROMDATE|||||
BATCHID1|RECORDID199|DAILY BILLING|TENANTID|FROMDATE||||EDMONTHYEAR|AMOUNT|12|895997|895997-AOAG.chantwest.com.au|DFW1||Switch|Hosting Service|Recurring|AMOUNT|CURRENCY|Hosting Service|1|FROMDATE|||||
BATCHID1|RECORDID200|DAILY BILLING|TENANTID|FROMDATE||||EDMONTHYEAR|AMOUNT|12|895997|895997-AOAG.chantwest.com.au|DFW1||Virtual Server Cluster|Hosting Service|Recurring|AMOUNT|CURRENCY|Hosting Service|1|FROMDATE|||||
BATCHID1|RECORDID201|DAILY BILLING|TENANTID|FROMDATE||||EDMONTHYEAR|AMOUNT|12|895997|895997-AOAG.chantwest.com.au|ORD1||Web Application Firewall|Hosting Service|Recurring|AMOUNT|CURRENCY|Hosting Service|1|FROMDATE|||||
BATCHID1|RECORDID202|DAILY BILLING|TENANTID|FROMDATE||||EDMONTHYEAR|AMOUNT|12|895997|895997-AOAG.chantwest.com.au|DFW1||DNS Web Application Firewall|Hosting Service|Recurring|AMOUNT|CURRENCY|Hosting Service|1|FROMDATE|||||
BATCHID1|RECORDID203|DAILY BILLING|TENANTID|FROMDATE||||EDMONTHYEAR|AMOUNT|12|895997|895997-AOAG.chantwest.com.au|DFW3||Load Balancer|Hosting Service|Recurring|AMOUNT|CURRENCY|Hosting Service|1|FROMDATE|||||
BATCHID1|RECORDID204|DAILY BILLING|TENANTID|FROMDATE||||EDMONTHYEAR|AMOUNT|12|895997|895997-AOAG.chantwest.com.au|IAD3||DAS|Hosting Service|Recurring|AMOUNT|CURRENCY|Hosting Service|1|FROMDATE|||||
BATCHID1|RECORDID205|DAILY BILLING|TENANTID|FROMDATE||||EDMONTHYEAR|AMOUNT|12|895997|895997-AOAG.chantwest.com.au|DFW1||SAN|Hosting Service|Recurring|AMOUNT|CURRENCY|Hosting Service|1|FROMDATE|||||
BATCHID1|RECORDID206|DAILY BILLING|TENANTID|FROMDATE||||EDMONTHYEAR|AMOUNT|12|895997|895997-AOAG.chantwest.com.au|ORD1||DDoS Mitigation Services|Hosting Service|Recurring|AMOUNT|CURRENCY|Hosting Service|1|FROMDATE|||||
BATCHID1|RECORDID207|DAILY BILLING|TENANTID|FROMDATE||||EDMONTHYEAR|AMOUNT|12|895997|895997-AOAG.chantwest.com.au|DFW1||Threat Manager|Hosting Service|Recurring|AMOUNT|CURRENCY|Hosting Service|1|FROMDATE|||||
BATCHID1|RECORDID208|DAILY BILLING|TENANTID|FROMDATE||||EDMONTHYEAR|AMOUNT|12|895997|895997-AOAG.chantwest.com.au|United States||Professional Services|PS Penetration Testing|One-Time|AMOUNT|CURRENCY|Hosting Service|1|FROMDATE|||||
BATCHID1|RECORDID209|DAILY BILLING|TENANTID|FROMDATE||||EDMONTHYEAR|AMOUNT|12|895997|895997-AOAG.chantwest.com.au|IAD3||Firewall|Hosting Service|Recurring|AMOUNT|CURRENCY|Hosting Service|1|FROMDATE|||||
BATCHID1|RECORDID210|DAILY BILLING|TENANTID|FROMDATE||||EDMONTHYEAR|AMOUNT|12|895997|895997-AOAG.chantwest.com.au|IAD3||Load Balancer|Hosting Service|Recurring|AMOUNT|CURRENCY|Hosting Service|1|FROMDATE|||||
BATCHID1|RECORDID211|DAILY BILLING|TENANTID|FROMDATE||||EDMONTHYEAR|AMOUNT|12|895997|895997-AOAG.chantwest.com.au|ORD1||Load Balancer|Hosting Service|Recurring|AMOUNT|CURRENCY|Hosting Service|1|FROMDATE|||||
BATCHID1|RECORDID212|DAILY BILLING|TENANTID|FROMDATE||||EDMONTHYEAR|AMOUNT|12|895997|895997-AOAG.chantwest.com.au|IAD3||Server|Hosting Service|Recurring|AMOUNT|CURRENCY|Hosting Service|1|FROMDATE|||||
BATCHID1|RECORDID213|DAILY BILLING|TENANTID|FROMDATE||||EDMONTHYEAR|AMOUNT|12|895997|895997-AOAG.chantwest.com.au|ORD1||Web Application Firewall|Hosting Service|Recurring|AMOUNT|CURRENCY|Hosting Service|1|FROMDATE|||||
BATCHID1|RECORDID214|DAILY BILLING|TENANTID|FROMDATE||||EDMONTHYEAR|AMOUNT|12|895997|895997-AOAG.chantwest.com.au|ORD1||Multi Factor Authentication|Prepay Hosting Service|One-Time|AMOUNT|CURRENCY|Hosting Service|1|FROMDATE|||||
BATCHID1|RECORDID215|DAILY BILLING|TENANTID|FROMDATE||||EDMONTHYEAR|AMOUNT|12|895997|895997-AOAG.chantwest.com.au|ORD1||Colocation|Setup Fee|One-Time|AMOUNT|CURRENCY|Hosting Service|1|FROMDATE|||||
BATCHID1|RECORDID216|DAILY BILLING|TENANTID|FROMDATE||||EDMONTHYEAR|AMOUNT|12|895997|895997-AOAG.chantwest.com.au|DFW3||Colocation|Setup Fee|One-Time|AMOUNT|CURRENCY|Hosting Service|1|FROMDATE|||||
BATCHID1|RECORDID217|DAILY BILLING|TENANTID|FROMDATE||||EDMONTHYEAR|AMOUNT|12|895997|895997-AOAG.chantwest.com.au|IAD3||SAN|Setup Fee|One-Time|AMOUNT|CURRENCY|Hosting Service|1|FROMDATE|||||
BATCHID1|RECORDID218|DAILY BILLING|TENANTID|FROMDATE||||EDMONTHYEAR|AMOUNT|12|895997|895997-AOAG.chantwest.com.au|IAD3||Shared SAN|Setup Fee|One-Time|AMOUNT|CURRENCY|Hosting Service|1|FROMDATE|||||
BATCHID1|RECORDID219|DAILY BILLING|TENANTID|FROMDATE||||EDMONTHYEAR|AMOUNT|12|895997|895997-AOAG.chantwest.com.au|ORD1||USB|One Time Fee|One-Time|AMOUNT|CURRENCY|Hosting Service|1|FROMDATE|||||
BATCHID1|RECORDID220|DAILY BILLING|TENANTID|FROMDATE||||EDMONTHYEAR|AMOUNT|12|895997|895997-AOAG.chantwest.com.au|ORD1||Log Manager|One Time Fee|One-Time|AMOUNT|CURRENCY|Hosting Service|1|FROMDATE|||||
BATCHID1|RECORDID221|DAILY BILLING|TENANTID|FROMDATE||||EDMONTHYEAR|AMOUNT|12|895997|895997-AOAG.chantwest.com.au|ORD1||Akamai|One Time Fee|One-Time|AMOUNT|CURRENCY|Hosting Service|1|FROMDATE|||||
BATCHID1|RECORDID222|DAILY BILLING|TENANTID|FROMDATE||||EDMONTHYEAR|AMOUNT|12|895997|895997-AOAG.chantwest.com.au|LON3||Colocation|Hosting Service|Recurring|AMOUNT|CURRENCY|Hosting Service|1|FROMDATE|||||
BATCHID1|RECORDID223|DAILY BILLING|TENANTID|FROMDATE||||EDMONTHYEAR|AMOUNT|12|895997|895997-AOAG.chantwest.com.au|United Kingdom||Symantec|2 Year Certificate|One-Time|AMOUNT|CURRENCY|Hosting Service|1|FROMDATE|||||
BATCHID1|RECORDID224|DAILY BILLING|TENANTID|FROMDATE||||EDMONTHYEAR|AMOUNT|12|895997|895997-AOAG.chantwest.com.au|UNKNOWN||USB|One Time Fee|One-Time|AMOUNT|CURRENCY|Hosting Service|1|FROMDATE|||||
BATCHID1|RECORDID225|DAILY BILLING|TENANTID|FROMDATE||||EDMONTHYEAR|AMOUNT|12|895997|895997-AOAG.chantwest.com.au|UNKNOWN||USB|Hosting Service|Recurring|AMOUNT|CURRENCY|Hosting Service|1|FROMDATE|||||
BATCHID1|RECORDID226|DAILY BILLING|TENANTID|FROMDATE||||EDMONTHYEAR|AMOUNT|12|895997|895997-AOAG.chantwest.com.au|IAD2||Firewall|Hosting Service|Recurring|AMOUNT|CURRENCY|Hosting Service|1|FROMDATE|||||
BATCHID1|RECORDID227|DAILY BILLING|TENANTID|FROMDATE||||EDMONTHYEAR|AMOUNT|12|895997|895997-AOAG.chantwest.com.au|LON5||USB|One Time Fee|One-Time|AMOUNT|CURRENCY|Hosting Service|1|FROMDATE|||||
BATCHID1|RECORDID228|DAILY BILLING|TENANTID|FROMDATE||||EDMONTHYEAR|AMOUNT|12|895997|895997-AOAG.chantwest.com.au|LON5||Firewall|Setup Fee|One-Time|AMOUNT|CURRENCY|Hosting Service|1|FROMDATE|||||
BATCHID1|RECORDID229|DAILY BILLING|TENANTID|FROMDATE||||EDMONTHYEAR|AMOUNT|12|895997|895997-AOAG.chantwest.com.au|LON5||Virtual Hosting|Prior Period VM Hosting|One-Time|AMOUNT|CURRENCY|Hosting Service|1|FROMDATE|||||
BATCHID1|RECORDID230|DAILY BILLING|TENANTID|FROMDATE||||EDMONTHYEAR|AMOUNT|12|895997|895997-AOAG.chantwest.com.au|United Kingdom||Virtualization|Virtual Machine|Auto/File|AMOUNT|CURRENCY|Hosting Service|1|FROMDATE|||||
BATCHID1|RECORDID231|DAILY BILLING|TENANTID|FROMDATE||||EDMONTHYEAR|AMOUNT|12|895997|895997-AOAG.chantwest.com.au|United Kingdom||Virtualization|Prior Period Virtualization|One-Time|AMOUNT|CURRENCY|Hosting Service|1|FROMDATE|||||
BATCHID1|RECORDID232|DAILY BILLING|TENANTID|FROMDATE||||EDMONTHYEAR|AMOUNT|12|895997|895997-AOAG.chantwest.com.au|LON5||Virtual Hosting|Hypervisor|Recurring|AMOUNT|CURRENCY|Hosting Service|1|FROMDATE|||||
BATCHID1|RECORDID233|DAILY BILLING|TENANTID|FROMDATE||||EDMONTHYEAR|AMOUNT|12|895997|895997-AOAG.chantwest.com.au|LON5||Virtual Hosting|Prior Period VM Hosting|One-Time|AMOUNT|CURRENCY|Hosting Service|1|FROMDATE|||||
BATCHID1|RECORDID234|DAILY BILLING|TENANTID|FROMDATE||||EDMONTHYEAR|AMOUNT|12|895997|895997-AOAG.chantwest.com.au|LON3||SAN|One Time Fee|One-Time|AMOUNT|CURRENCY|Hosting Service|1|FROMDATE|||||
BATCHID1|RECORDID235|DAILY BILLING|TENANTID|FROMDATE||||EDMONTHYEAR|AMOUNT|12|895997|895997-AOAG.chantwest.com.au|LON3||SAN|Prior Period Hosting Service|One-Time|AMOUNT|CURRENCY|Hosting Service|1|FROMDATE|||||
BATCHID1|RECORDID236|DAILY BILLING|TENANTID|FROMDATE||||EDMONTHYEAR|AMOUNT|12|895997|895997-AOAG.chantwest.com.au|LON3||Virtual Hosting|Prior Period VM Hosting|One-Time|AMOUNT|CURRENCY|Hosting Service|1|FROMDATE|||||
BATCHID1|RECORDID237|DAILY BILLING|TENANTID|FROMDATE||||EDMONTHYEAR|AMOUNT|12|895997|895997-AOAG.chantwest.com.au|LON5||SAN|Prior Period Hosting Service|One-Time|AMOUNT|CURRENCY|Hosting Service|1|FROMDATE|||||
BATCHID1|RECORDID238|DAILY BILLING|TENANTID|FROMDATE||||EDMONTHYEAR|AMOUNT|12|895997|895997-AOAG.chantwest.com.au|DFW3||Connection Device|Hosting Service|Recurring|AMOUNT|CURRENCY|Hosting Service|1|FROMDATE|||||
BATCHID1|RECORDID239|DAILY BILLING|TENANTID|FROMDATE||||EDMONTHYEAR|AMOUNT|12|895997|895997-AOAG.chantwest.com.au|IAD2||Server|Hosting Service|Recurring|AMOUNT|CURRENCY|Hosting Service|1|FROMDATE|||||
BATCHID1|RECORDID240|DAILY BILLING|TENANTID|FROMDATE||||EDMONTHYEAR|AMOUNT|12|895997|895997-AOAG.chantwest.com.au|ORD1||DNS Web Application Firewall|Hosting Service|Recurring|AMOUNT|CURRENCY|Hosting Service|1|FROMDATE|||||
BATCHID1|RECORDID241|DAILY BILLING|TENANTID|FROMDATE||||EDMONTHYEAR|AMOUNT|12|895997|895997-AOAG.chantwest.com.au|DFW1||Load Balancer|Hosting Service|Recurring|AMOUNT|CURRENCY|Hosting Service|1|FROMDATE|||||
BATCHID1|RECORDID242|DAILY BILLING|TENANTID|FROMDATE||||EDMONTHYEAR|AMOUNT|12|895997|895997-AOAG.chantwest.com.au|DFW1||Web Application Firewall|Hosting Service|Recurring|AMOUNT|CURRENCY|Hosting Service|1|FROMDATE|||||
BATCHID1|RECORDID243|DAILY BILLING|TENANTID|FROMDATE||||EDMONTHYEAR|AMOUNT|12|895997|895997-AOAG.chantwest.com.au|ORD1||Managed Storage|Hosting Service|Recurring|AMOUNT|CURRENCY|Hosting Service|1|FROMDATE|||||
BATCHID1|RECORDID244|DAILY BILLING|TENANTID|FROMDATE||||EDMONTHYEAR|AMOUNT|12|895997|895997-AOAG.chantwest.com.au|DFW1||Managed Storage|Hosting Service|Recurring|AMOUNT|CURRENCY|Hosting Service|1|FROMDATE|||||
BATCHID1|RECORDID245|DAILY BILLING|TENANTID|FROMDATE||||EDMONTHYEAR|AMOUNT|12|895997|895997-AOAG.chantwest.com.au|DFW3||DAS|Hosting Service|Recurring|AMOUNT|CURRENCY|Hosting Service|1|FROMDATE|||||
BATCHID1|RECORDID246|DAILY BILLING|TENANTID|FROMDATE||||EDMONTHYEAR|AMOUNT|12|895997|895997-AOAG.chantwest.com.au|United States||Virtualization|Virtual Machine|Auto/File|AMOUNT|CURRENCY|Hosting Service|1|FROMDATE|||||
BATCHID1|RECORDID247|DAILY BILLING|TENANTID|FROMDATE||||EDMONTHYEAR|AMOUNT|12|895997|895997-AOAG.chantwest.com.au|IAD3||RPC CORE|Prior Period RPC|One-Time|AMOUNT|CURRENCY|Hosting Service|1|FROMDATE|||||
BATCHID1|RECORDID248|DAILY BILLING|TENANTID|FROMDATE||||EDMONTHYEAR|AMOUNT|12|895997|895997-AOAG.chantwest.com.au|IAD3||RPC CORE|RPC OpenStack Node|Recurring|AMOUNT|CURRENCY|Hosting Service|1|FROMDATE|||||
BATCHID1|RECORDID249|DAILY BILLING|TENANTID|FROMDATE||||EDMONTHYEAR|AMOUNT|12|895997|895997-AOAG.chantwest.com.au|UNKNOWN||Firewall|Prior Period One Time|One-Time|AMOUNT|CURRENCY|Hosting Service|1|FROMDATE|||||
BATCHID1|RECORDID250|DAILY BILLING|TENANTID|FROMDATE||||EDMONTHYEAR|AMOUNT|12|895997|895997-AOAG.chantwest.com.au|United States||Virtualization|Virtual Machine|Auto/File|AMOUNT|CURRENCY|Hosting Service|1|FROMDATE|||||
BATCHID1|RECORDID251|DAILY BILLING|TENANTID|FROMDATE||||EDMONTHYEAR|AMOUNT|12|895997|895997-AOAG.chantwest.com.au|DFW1||Shared SAN|Hosting Service|Recurring|AMOUNT|CURRENCY|Hosting Service|1|FROMDATE|||||
BATCHID1|RECORDID252|DAILY BILLING|TENANTID|FROMDATE||||EDMONTHYEAR|AMOUNT|12|895997|895997-AOAG.chantwest.com.au|DFW1||Multi Factor Authentication|Prior Period Hosting Service|One-Time|AMOUNT|CURRENCY|Hosting Service|1|FROMDATE|||||
BATCHID1|RECORDID253|DAILY BILLING|TENANTID|FROMDATE||||EDMONTHYEAR|AMOUNT|12|895997|895997-AOAG.chantwest.com.au|UNKNOWN||Firewall|Prior Period Setup Fee|One-Time|AMOUNT|CURRENCY|Hosting Service|1|FROMDATE|||||
BATCHID1|RECORDID254|DAILY BILLING|TENANTID|FROMDATE||||EDMONTHYEAR|AMOUNT|12|895997|895997-AOAG.chantwest.com.au|ORD1||RPC CORE|Prior Period RPC|One-Time|AMOUNT|CURRENCY|Hosting Service|1|FROMDATE|||||
BATCHID1|RECORDID255|DAILY BILLING|TENANTID|FROMDATE||||EDMONTHYEAR|AMOUNT|12|895997|895997-AOAG.chantwest.com.au|ORD1||RPC CORE|RPC OpenStack Node|Recurring|AMOUNT|CURRENCY|Hosting Service|1|FROMDATE|||||
BATCHID1|RECORDID256|DAILY BILLING|TENANTID|FROMDATE||||EDMONTHYEAR|AMOUNT|12|895997|895997-AOAG.chantwest.com.au|United States||Virtualization|Prior Period Virtualization|One-Time|AMOUNT|CURRENCY|Hosting Service|1|FROMDATE|||||
BATCHID1|RECORDID257|DAILY BILLING|TENANTID|FROMDATE||||EDMONTHYEAR|AMOUNT|12|895997|895997-AOAG.chantwest.com.au|UNKNOWN||Dedicated SAN|Prior Period Hosting Service|One-Time|AMOUNT|CURRENCY|Hosting Service|1|FROMDATE|||||
BATCHID1|RECORDID258|DAILY BILLING|TENANTID|FROMDATE||||EDMONTHYEAR|AMOUNT|12|895997|895997-AOAG.chantwest.com.au|DFW1||Dedicated SAN|Hosting Service|Recurring|AMOUNT|CURRENCY|Hosting Service|1|FROMDATE|||||
BATCHID1|RECORDID259|DAILY BILLING|TENANTID|FROMDATE||||EDMONTHYEAR|AMOUNT|12|895997|895997-AOAG.chantwest.com.au|UNKNOWN||Dedicated SAN|Hosting Service|Recurring|AMOUNT|CURRENCY|Hosting Service|1|FROMDATE|||||
BATCHID1|RECORDID260|DAILY BILLING|TENANTID|FROMDATE||||EDMONTHYEAR|AMOUNT|12|895997|895997-AOAG.chantwest.com.au|UNKNOWN||Virtual Hosting|Hypervisor|Recurring|AMOUNT|CURRENCY|Hosting Service|1|FROMDATE|||||
BATCHID1|RECORDID261|DAILY BILLING|TENANTID|FROMDATE||||EDMONTHYEAR|AMOUNT|12|895997|895997-AOAG.chantwest.com.au|UNKNOWN||Virtual Hosting|Setup Fee|One-Time|AMOUNT|CURRENCY|Hosting Service|1|FROMDATE|||||
BATCHID1|RECORDID262|DAILY BILLING|TENANTID|FROMDATE||||EDMONTHYEAR|AMOUNT|12|895997|895997-AOAG.chantwest.com.au|DFW1||Firewall|Prior Period One Time|One-Time|AMOUNT|CURRENCY|Hosting Service|1|FROMDATE|||||
BATCHID1|RECORDID263|DAILY BILLING|TENANTID|FROMDATE||||EDMONTHYEAR|AMOUNT|12|895997|895997-AOAG.chantwest.com.au|UNKNOWN||Virtual Hosting|Prior Period VM Hosting|One-Time|AMOUNT|CURRENCY|Hosting Service|1|FROMDATE|||||
BATCHID1|RECORDID264|DAILY BILLING|TENANTID|FROMDATE||||EDMONTHYEAR|AMOUNT|12|895997|895997-AOAG.chantwest.com.au|DFW3||Server|Prior Period Hosting Service|One-Time|AMOUNT|CURRENCY|Hosting Service|1|FROMDATE|||||
BATCHID1|RECORDID265|DAILY BILLING|TENANTID|FROMDATE||||EDMONTHYEAR|AMOUNT|12|895997|895997-AOAG.chantwest.com.au|DFW3||SQL Cluster|Hosting Service|Recurring|AMOUNT|CURRENCY|Hosting Service|1|FROMDATE|||||
BATCHID1|RECORDID266|DAILY BILLING|TENANTID|FROMDATE||||EDMONTHYEAR|AMOUNT|12|895997|895997-AOAG.chantwest.com.au|UNKNOWN||Load Balancer|Prior Period Hosting Service|One-Time|AMOUNT|CURRENCY|Hosting Service|1|FROMDATE|||||
BATCHID1|RECORDID267|DAILY BILLING|TENANTID|FROMDATE||||EDMONTHYEAR|AMOUNT|12|895997|895997-AOAG.chantwest.com.au|UNKNOWN||Load Balancer|Prior Period Hosting Service|One-Time|AMOUNT|CURRENCY|Hosting Service|1|FROMDATE|||||
BATCHID1|RECORDID268|DAILY BILLING|TENANTID|FROMDATE||||EDMONTHYEAR|AMOUNT|12|895997|895997-AOAG.chantwest.com.au|United States||RPC Professional Service|PS-One Time Fee|One-Time|AMOUNT|CURRENCY|Hosting Service|1|FROMDATE|||||
BATCHID1|RECORDID269|DAILY BILLING|TENANTID|FROMDATE||||EDMONTHYEAR|AMOUNT|12|895997|895997-AOAG.chantwest.com.au|UNKNOWN||Dedicated SAN|Prior Period Hosting Service|One-Time|AMOUNT|CURRENCY|Hosting Service|1|FROMDATE|||||
BATCHID1|RECORDID270|DAILY BILLING|TENANTID|FROMDATE||||EDMONTHYEAR|AMOUNT|12|895997|895997-AOAG.chantwest.com.au|ORD1||SAN|Hosting Service|Recurring|AMOUNT|CURRENCY|Hosting Service|1|FROMDATE|||||
BATCHID1|RECORDID271|DAILY BILLING|TENANTID|FROMDATE||||EDMONTHYEAR|AMOUNT|12|895997|895997-AOAG.chantwest.com.au|ORD1||Firewall|Prior Period One Time|One-Time|AMOUNT|CURRENCY|Hosting Service|1|FROMDATE|||||
BATCHID1|RECORDID272|DAILY BILLING|TENANTID|FROMDATE||||EDMONTHYEAR|AMOUNT|12|895997|895997-AOAG.chantwest.com.au|DFW3||Firewall|Prior Period Setup Fee|One-Time|AMOUNT|CURRENCY|Hosting Service|1|FROMDATE|||||
BATCHID1|RECORDID273|DAILY BILLING|TENANTID|FROMDATE||||EDMONTHYEAR|AMOUNT|12|895997|895997-AOAG.chantwest.com.au|DFW1||SQL Cluster|Hosting Service|Recurring|AMOUNT|CURRENCY|Hosting Service|1|FROMDATE|||||
BATCHID1|RECORDID274|DAILY BILLING|TENANTID|FROMDATE||||EDMONTHYEAR|AMOUNT|12|895997|895997-AOAG.chantwest.com.au|LON5||Dedicated Servers for Hyper-V|Dual Proc Server for Hyper-V|Recurring|AMOUNT|CURRENCY|Hosting Service|1|FROMDATE|||||
BATCHID1|RECORDID275|DAILY BILLING|TENANTID|FROMDATE||||EDMONTHYEAR|AMOUNT|12|895997|895997-AOAG.chantwest.com.au|LON5||Virtual Server Cluster|Hosting Service|Recurring|AMOUNT|CURRENCY|Hosting Service|1|FROMDATE|||||
BATCHID1|RECORDID276|DAILY BILLING|TENANTID|FROMDATE||||EDMONTHYEAR|AMOUNT|12|895997|895997-AOAG.chantwest.com.au|IAD3||USB|Hosting Service|Recurring|AMOUNT|CURRENCY|Hosting Service|1|FROMDATE|||||
BATCHID1|RECORDID277|DAILY BILLING|TENANTID|FROMDATE||||EDMONTHYEAR|AMOUNT|12|895997|895997-AOAG.chantwest.com.au|DFW1||USB|Hosting Service|Recurring|AMOUNT|CURRENCY|Hosting Service|1|FROMDATE|||||
BATCHID1|RECORDID278|DAILY BILLING|TENANTID|FROMDATE||||EDMONTHYEAR|AMOUNT|12|895997|895997-AOAG.chantwest.com.au|IAD3||Firewall|Prior Period Hosting Service|One-Time|AMOUNT|CURRENCY|Hosting Service|1|FROMDATE|||||
BATCHID1|RECORDID279|DAILY BILLING|TENANTID|FROMDATE||||EDMONTHYEAR|AMOUNT|12|895997|895997-AOAG.chantwest.com.au|UNKNOWN||USB|Prior Period Setup Fee|One-Time|AMOUNT|CURRENCY|Hosting Service|1|FROMDATE|||||
BATCHID1|RECORDID280|DAILY BILLING|TENANTID|FROMDATE||||EDMONTHYEAR|AMOUNT|12|895997|895997-AOAG.chantwest.com.au|IAD3||Virtual Hosting|Hypervisor|Recurring|AMOUNT|CURRENCY|Hosting Service|1|FROMDATE|||||
BATCHID1|RECORDID281|DAILY BILLING|TENANTID|FROMDATE||||EDMONTHYEAR|AMOUNT|12|895997|895997-AOAG.chantwest.com.au|IAD3||Switch|Prior Period Hosting Service|One-Time|AMOUNT|CURRENCY|Hosting Service|1|FROMDATE|||||
BATCHID1|RECORDID282|DAILY BILLING|TENANTID|FROMDATE||||EDMONTHYEAR|AMOUNT|12|895997|895997-AOAG.chantwest.com.au|United States||Contract Buy Out|Contract Buy Out|One-Time|AMOUNT|CURRENCY|Hosting Service|1|FROMDATE|||||
BATCHID1|RECORDID283|DAILY BILLING|TENANTID|FROMDATE||||EDMONTHYEAR|AMOUNT|12|895997|895997-AOAG.chantwest.com.au|ORD1||USB|Prior Period One Time|One-Time|AMOUNT|CURRENCY|Hosting Service|1|FROMDATE|||||
BATCHID1|RECORDID284|DAILY BILLING|TENANTID|FROMDATE||||EDMONTHYEAR|AMOUNT|12|895997|895997-AOAG.chantwest.com.au|DFW3||Shared SAN|Hosting Service|Recurring|AMOUNT|CURRENCY|Hosting Service|1|FROMDATE|||||
BATCHID1|RECORDID285|DAILY BILLING|TENANTID|FROMDATE||||EDMONTHYEAR|AMOUNT|12|895997|895997-AOAG.chantwest.com.au|DFW1||Colocation|Hosting Service|Recurring|AMOUNT|CURRENCY|Hosting Service|1|FROMDATE|||||
BATCHID1|RECORDID286|DAILY BILLING|TENANTID|FROMDATE||||EDMONTHYEAR|AMOUNT|12|895997|895997-AOAG.chantwest.com.au|HKG1||Threat Manager|Hosting Service|Recurring|AMOUNT|CURRENCY|Hosting Service|1|FROMDATE|||||
BATCHID1|RECORDID287|DAILY BILLING|TENANTID|FROMDATE||||EDMONTHYEAR|AMOUNT|12|895997|895997-AOAG.chantwest.com.au|HKG1||Web Application Firewall|Hosting Service|Recurring|AMOUNT|CURRENCY|Hosting Service|1|FROMDATE|||||
BATCHID1|RECORDID288|DAILY BILLING|TENANTID|FROMDATE||||EDMONTHYEAR|AMOUNT|12|895997|895997-AOAG.chantwest.com.au|LON5||NAS|Hosting Service|Recurring|AMOUNT|CURRENCY|Hosting Service|1|FROMDATE|||||
BATCHID1|RECORDID289|DAILY BILLING|TENANTID|FROMDATE||||EDMONTHYEAR|AMOUNT|12|895997|895997-AOAG.chantwest.com.au|ORD1||Threat Manager|Hosting Service|Recurring|AMOUNT|CURRENCY|Hosting Service|1|FROMDATE|||||
BATCHID1|RECORDID290|DAILY BILLING|TENANTID|FROMDATE||||EDMONTHYEAR|AMOUNT|12|895997|895997-AOAG.chantwest.com.au|IAD3||Virtual Hosting|Setup Fee|One-Time|AMOUNT|CURRENCY|Hosting Service|1|FROMDATE|||||
BATCHID1|RECORDID291|DAILY BILLING|TENANTID|FROMDATE||||EDMONTHYEAR|AMOUNT|12|895997|895997-AOAG.chantwest.com.au|IAD3||Dedicated SAN|Hosting Service|Recurring|AMOUNT|CURRENCY|Hosting Service|1|FROMDATE|||||
BATCHID1|RECORDID292|DAILY BILLING|TENANTID|FROMDATE||||EDMONTHYEAR|AMOUNT|12|895997|895997-AOAG.chantwest.com.au|LON5||Firewall|Prior Period Hosting Service|One-Time|AMOUNT|CURRENCY|Hosting Service|1|FROMDATE|||||
BATCHID1|RECORDID293|DAILY BILLING|TENANTID|FROMDATE||||EDMONTHYEAR|AMOUNT|12|895997|895997-AOAG.chantwest.com.au|IAD3||Firewall|Prior Period One Time|One-Time|AMOUNT|CURRENCY|Hosting Service|1|FROMDATE|||||
BATCHID1|RECORDID294|DAILY BILLING|TENANTID|FROMDATE||||EDMONTHYEAR|AMOUNT|12|895997|895997-AOAG.chantwest.com.au|DFW3||USB|Hosting Service|Recurring|AMOUNT|CURRENCY|Hosting Service|1|FROMDATE|||||
BATCHID1|RECORDID295|DAILY BILLING|TENANTID|FROMDATE||||EDMONTHYEAR|AMOUNT|12|895997|895997-AOAG.chantwest.com.au|United States||Critical Application Support|Advanced APM Machine Cloud|Auto/File|AMOUNT|CURRENCY|Hosting Service|1|FROMDATE|||||
BATCHID1|RECORDID296|DAILY BILLING|TENANTID|FROMDATE||||EDMONTHYEAR|AMOUNT|12|895997|895997-AOAG.chantwest.com.au|IAD3||SAN|Hosting Service|Recurring|AMOUNT|CURRENCY|Hosting Service|1|FROMDATE|||||
BATCHID1|RECORDID297|DAILY BILLING|TENANTID|FROMDATE||||EDMONTHYEAR|AMOUNT|12|895997|895997-AOAG.chantwest.com.au|DFW3||SAN|Prior Period Hosting Service|One-Time|AMOUNT|CURRENCY|Hosting Service|1|FROMDATE|||||
BATCHID1|RECORDID298|DAILY BILLING|TENANTID|FROMDATE||||EDMONTHYEAR|AMOUNT|12|895997|895997-AOAG.chantwest.com.au|SYD2||SAN|Hosting Service|Recurring|AMOUNT|CURRENCY|Hosting Service|1|FROMDATE|||||
BATCHID1|RECORDID299|DAILY BILLING|TENANTID|FROMDATE||||EDMONTHYEAR|AMOUNT|12|895997|895997-AOAG.chantwest.com.au|DFW3||Dedicated SAN|Hosting Service|Recurring|AMOUNT|CURRENCY|Hosting Service|1|FROMDATE|||||
BATCHID1|RECORDID300|DAILY BILLING|TENANTID|FROMDATE||||EDMONTHYEAR|AMOUNT|12|895997|895997-AOAG.chantwest.com.au|DFW1||Firewall|Prior Period Setup Fee|One-Time|AMOUNT|CURRENCY|Hosting Service|1|FROMDATE|||||
BATCHID1|RECORDID301|DAILY BILLING|TENANTID|FROMDATE||||EDMONTHYEAR|AMOUNT|12|895997|895997-AOAG.chantwest.com.au|ORD1||SAN|Prior Period Hosting Service|One-Time|AMOUNT|CURRENCY|Hosting Service|1|FROMDATE|||||
BATCHID1|RECORDID302|DAILY BILLING|TENANTID|FROMDATE||||EDMONTHYEAR|AMOUNT|12|895997|895997-AOAG.chantwest.com.au|IAD3||Server|Prior Period Setup Fee|One-Time|AMOUNT|CURRENCY|Hosting Service|1|FROMDATE|||||
BATCHID1|RECORDID303|DAILY BILLING|TENANTID|FROMDATE||||EDMONTHYEAR|AMOUNT|12|895997|895997-AOAG.chantwest.com.au|United States||Interest|Miscellaneous|One-Time|AMOUNT|CURRENCY|Hosting Service|1|FROMDATE|||||
BATCHID1|RECORDID304|DAILY BILLING|TENANTID|FROMDATE||||EDMONTHYEAR|AMOUNT|12|895997|895997-AOAG.chantwest.com.au|ORD1||Shared SAN|Prior Period Hosting Service|One-Time|AMOUNT|CURRENCY|Hosting Service|1|FROMDATE|||||
BATCHID1|RECORDID305|DAILY BILLING|TENANTID|FROMDATE||||EDMONTHYEAR|AMOUNT|12|895997|895997-AOAG.chantwest.com.au|ORD1||Shared SAN|Hosting Service|Recurring|AMOUNT|CURRENCY|Hosting Service|1|FROMDATE|||||
BATCHID1|RECORDID306|DAILY BILLING|TENANTID|FROMDATE||||EDMONTHYEAR|AMOUNT|12|895997|895997-AOAG.chantwest.com.au|UNKNOWN||USB|Prior Period One Time|One-Time|AMOUNT|CURRENCY|Hosting Service|1|FROMDATE|||||
BATCHID1|RECORDID307|DAILY BILLING|TENANTID|FROMDATE||||EDMONTHYEAR|AMOUNT|12|895997|895997-AOAG.chantwest.com.au|United States||Virtualization|Setup Fee|One-Time|AMOUNT|CURRENCY|Hosting Service|1|FROMDATE|||||
BATCHID1|RECORDID308|DAILY BILLING|TENANTID|FROMDATE||||EDMONTHYEAR|AMOUNT|12|895997|895997-AOAG.chantwest.com.au|UNKNOWN||Load Balancer|Prior Period Setup Fee|One-Time|AMOUNT|CURRENCY|Hosting Service|1|FROMDATE|||||
BATCHID1|RECORDID309|DAILY BILLING|TENANTID|FROMDATE||||EDMONTHYEAR|AMOUNT|12|895997|895997-AOAG.chantwest.com.au|IAD3||Dedicated SAN|Prior Period Hosting Service|One-Time|AMOUNT|CURRENCY|Hosting Service|1|FROMDATE|||||
BATCHID1|RECORDID310|DAILY BILLING|TENANTID|FROMDATE||||EDMONTHYEAR|AMOUNT|12|895997|895997-AOAG.chantwest.com.au|UNKNOWN||Virtual Hosting|Prior Period VM Hosting|One-Time|AMOUNT|CURRENCY|Hosting Service|1|FROMDATE|||||
BATCHID1|RECORDID311|DAILY BILLING|TENANTID|FROMDATE||||EDMONTHYEAR|AMOUNT|12|895997|895997-AOAG.chantwest.com.au|United States||Critical Application Support|Setup Fee|One-Time|AMOUNT|CURRENCY|Hosting Service|1|FROMDATE|||||
BATCHID1|RECORDID312|DAILY BILLING|TENANTID|FROMDATE||||EDMONTHYEAR|AMOUNT|12|895997|895997-AOAG.chantwest.com.au|UNKNOWN||Firewall|Prior Period Hosting Service|One-Time|AMOUNT|CURRENCY|Hosting Service|1|FROMDATE|||||
BATCHID1|RECORDID313|DAILY BILLING|TENANTID|FROMDATE||||EDMONTHYEAR|AMOUNT|12|895997|895997-AOAG.chantwest.com.au|UNKNOWN||Colocation|Hosting Service|Recurring|AMOUNT|CURRENCY|Hosting Service|1|FROMDATE|||||
BATCHID1|RECORDID314|DAILY BILLING|TENANTID|FROMDATE||||EDMONTHYEAR|AMOUNT|12|895997|895997-AOAG.chantwest.com.au|IAD3||Switch|Hosting Service|Recurring|AMOUNT|CURRENCY|Hosting Service|1|FROMDATE|||||
BATCHID1|RECORDID315|DAILY BILLING|TENANTID|FROMDATE||||EDMONTHYEAR|AMOUNT|12|895997|895997-AOAG.chantwest.com.au|UNKNOWN||Colocation|Prior Period Hosting Service|One-Time|AMOUNT|CURRENCY|Hosting Service|1|FROMDATE|||||
BATCHID1|RECORDID316|DAILY BILLING|TENANTID|FROMDATE||||EDMONTHYEAR|AMOUNT|12|895997|895997-AOAG.chantwest.com.au|SYD2||Virtual Hosting|Prior Period VM Hosting|One-Time|AMOUNT|CURRENCY|Hosting Service|1|FROMDATE|||||
BATCHID1|RECORDID317|DAILY BILLING|TENANTID|FROMDATE||||EDMONTHYEAR|AMOUNT|12|895997|895997-AOAG.chantwest.com.au|SYD2||Virtual Hosting|Hypervisor|Recurring|AMOUNT|CURRENCY|Hosting Service|1|FROMDATE|||||
BATCHID1|RECORDID318|DAILY BILLING|TENANTID|FROMDATE||||EDMONTHYEAR|AMOUNT|12|895997|895997-AOAG.chantwest.com.au|IAD3||Shared NAS|Shared NAS - Silver|Recurring|AMOUNT|CURRENCY|Hosting Service|1|FROMDATE|||||
BATCHID1|RECORDID319|DAILY BILLING|TENANTID|FROMDATE||||EDMONTHYEAR|AMOUNT|12|895997|895997-AOAG.chantwest.com.au|DFW1||DAS|Hosting Service|Recurring|AMOUNT|CURRENCY|Hosting Service|1|FROMDATE|||||
BATCHID1|RECORDID320|DAILY BILLING|TENANTID|FROMDATE||||EDMONTHYEAR|AMOUNT|12|895997|895997-AOAG.chantwest.com.au|DFW1||Shared SAN|Hosting Service|Recurring|AMOUNT|CURRENCY|Hosting Service|1|FROMDATE|||||
BATCHID1|RECORDID321|DAILY BILLING|TENANTID|FROMDATE||||EDMONTHYEAR|AMOUNT|12|895997|895997-AOAG.chantwest.com.au|DFW3||Firewall|Hosting Service|Recurring|AMOUNT|CURRENCY|Hosting Service|1|FROMDATE|||||
BATCHID1|RECORDID322|DAILY BILLING|TENANTID|FROMDATE||||EDMONTHYEAR|AMOUNT|12|895997|895997-AOAG.chantwest.com.au|DFW3||SAN|Hosting Service|Recurring|AMOUNT|CURRENCY|Hosting Service|1|FROMDATE|||||
BATCHID1|RECORDID323|DAILY BILLING|TENANTID|FROMDATE||||EDMONTHYEAR|AMOUNT|12|895997|895997-AOAG.chantwest.com.au|UNKNOWN||Load Balancer|Hosting Service|Recurring|AMOUNT|CURRENCY|Hosting Service|1|FROMDATE|||||
BATCHID1|RECORDID324|DAILY BILLING|TENANTID|FROMDATE||||EDMONTHYEAR|AMOUNT|12|895997|895997-AOAG.chantwest.com.au|DFW3||Virtual Hosting|Hypervisor|Recurring|AMOUNT|CURRENCY|Hosting Service|1|FROMDATE|||||
BATCHID1|RECORDID325|DAILY BILLING|TENANTID|FROMDATE||||EDMONTHYEAR|AMOUNT|12|895997|895997-AOAG.chantwest.com.au|DFW3||Shared SAN|Prior Period Hosting Service|One-Time|AMOUNT|CURRENCY|Hosting Service|1|FROMDATE|||||
BATCHID1|RECORDID326|DAILY BILLING|TENANTID|FROMDATE||||EDMONTHYEAR|AMOUNT|12|895997|895997-AOAG.chantwest.com.au|DFW1||Virtual Hosting|Prior Period VM Hosting|One-Time|AMOUNT|CURRENCY|Hosting Service|1|FROMDATE|||||
BATCHID1|RECORDID327|DAILY BILLING|TENANTID|FROMDATE||||EDMONTHYEAR|AMOUNT|12|895997|895997-AOAG.chantwest.com.au|DFW1||Virtual Hosting|Prior Period VM Hosting|One-Time|AMOUNT|CURRENCY|Hosting Service|1|FROMDATE|||||
BATCHID1|RECORDID328|DAILY BILLING|TENANTID|FROMDATE||||EDMONTHYEAR|AMOUNT|12|895997|895997-AOAG.chantwest.com.au|UNKNOWN||Firewall|Prior Period Prepay|One-Time|AMOUNT|CURRENCY|Hosting Service|1|FROMDATE|||||
BATCHID1|RECORDID329|DAILY BILLING|TENANTID|FROMDATE||||EDMONTHYEAR|AMOUNT|12|895997|895997-AOAG.chantwest.com.au|DFW1||Multi Factor Authentication|Hosting Service|Recurring|AMOUNT|CURRENCY|Hosting Service|1|FROMDATE|||||
BATCHID1|RECORDID330|DAILY BILLING|TENANTID|FROMDATE||||EDMONTHYEAR|AMOUNT|12|895997|895997-AOAG.chantwest.com.au|DFW1||SAN|Prior Period Hosting Service|One-Time|AMOUNT|CURRENCY|Hosting Service|1|FROMDATE|||||
BATCHID1|RECORDID331|DAILY BILLING|TENANTID|FROMDATE||||EDMONTHYEAR|AMOUNT|12|895997|895997-AOAG.chantwest.com.au|DFW3||SAN|Hosting Service|Recurring|AMOUNT|CURRENCY|Hosting Service|1|FROMDATE|||||
BATCHID1|RECORDID332|DAILY BILLING|TENANTID|FROMDATE||||EDMONTHYEAR|AMOUNT|12|895997|895997-AOAG.chantwest.com.au|DFW3||Firewall|Prior Period One Time|One-Time|AMOUNT|CURRENCY|Hosting Service|1|FROMDATE|||||
BATCHID1|RECORDID333|DAILY BILLING|TENANTID|FROMDATE||||EDMONTHYEAR|AMOUNT|12|895997|895997-AOAG.chantwest.com.au|UNKNOWN||Server|Prior Period Setup Fee|One-Time|AMOUNT|CURRENCY|Hosting Service|1|FROMDATE|||||
BATCHID1|RECORDID334|DAILY BILLING|TENANTID|FROMDATE||||EDMONTHYEAR|AMOUNT|12|895997|895997-AOAG.chantwest.com.au|DFW1||Log Manager|Hosting Service|Recurring|AMOUNT|CURRENCY|Hosting Service|1|FROMDATE|||||
BATCHID1|RECORDID335|DAILY BILLING|TENANTID|FROMDATE||||EDMONTHYEAR|AMOUNT|12|895997|895997-AOAG.chantwest.com.au|HKG1||Firewall|Hosting Service|Recurring|AMOUNT|CURRENCY|Hosting Service|1|FROMDATE|||||
BATCHID1|RECORDID336|DAILY BILLING|TENANTID|FROMDATE||||EDMONTHYEAR|AMOUNT|12|895997|895997-AOAG.chantwest.com.au|LON5||Firewall|Hosting Service|Recurring|AMOUNT|CURRENCY|Hosting Service|1|FROMDATE|||||
BATCHID1|RECORDID337|DAILY BILLING|TENANTID|FROMDATE||||EDMONTHYEAR|AMOUNT|12|895997|895997-AOAG.chantwest.com.au|DFW3||Server|Hosting Service|Recurring|AMOUNT|CURRENCY|Hosting Service|1|FROMDATE|||||
BATCHID1|RECORDID338|DAILY BILLING|TENANTID|FROMDATE||||EDMONTHYEAR|AMOUNT|12|895997|895997-AOAG.chantwest.com.au|DFW1||Shared SAN|Prior Period Hosting Service|One-Time|AMOUNT|CURRENCY|Hosting Service|1|FROMDATE|||||
BATCHID1|RECORDID339|DAILY BILLING|TENANTID|FROMDATE||||EDMONTHYEAR|AMOUNT|12|895997|895997-AOAG.chantwest.com.au|UNKNOWN||Multi Factor Authentication|One Time Fee|One-Time|AMOUNT|CURRENCY|Hosting Service|1|FROMDATE|||||
BATCHID1|RECORDID340|DAILY BILLING|TENANTID|FROMDATE||||EDMONTHYEAR|AMOUNT|12|895997|895997-AOAG.chantwest.com.au|UNKNOWN||Multi Factor Authentication|Prior Period Hosting Service|One-Time|AMOUNT|CURRENCY|Hosting Service|1|FROMDATE|||||
BATCHID1|RECORDID341|DAILY BILLING|TENANTID|FROMDATE||||EDMONTHYEAR|AMOUNT|12|895997|895997-AOAG.chantwest.com.au|DFW1||DDoS Mitigation Services|Hosting Service|Recurring|AMOUNT|CURRENCY|Hosting Service|1|FROMDATE|||||
BATCHID1|RECORDID342|DAILY BILLING|TENANTID|FROMDATE||||EDMONTHYEAR|AMOUNT|12|895997|895997-AOAG.chantwest.com.au|LON3||Shared SAN|Hosting Service|Recurring|AMOUNT|CURRENCY|Hosting Service|1|FROMDATE|||||
BATCHID1|RECORDID343|DAILY BILLING|TENANTID|FROMDATE||||EDMONTHYEAR|AMOUNT|12|895997|895997-AOAG.chantwest.com.au|ORD1||Firewall|Prior Period Setup Fee|One-Time|AMOUNT|CURRENCY|Hosting Service|1|FROMDATE|||||
BATCHID1|RECORDID344|DAILY BILLING|TENANTID|FROMDATE||||EDMONTHYEAR|AMOUNT|12|895997|895997-AOAG.chantwest.com.au|IAD3||Virtual Hosting|Prior Period VM Hosting|One-Time|AMOUNT|CURRENCY|Hosting Service|1|FROMDATE|||||
BATCHID1|RECORDID345|DAILY BILLING|TENANTID|FROMDATE||||EDMONTHYEAR|AMOUNT|12|895997|895997-AOAG.chantwest.com.au|United States||Event|AWS Event|One-Time|AMOUNT|CURRENCY|Hosting Service|1|FROMDATE|||||
BATCHID1|RECORDID346|DAILY BILLING|TENANTID|FROMDATE||||EDMONTHYEAR|AMOUNT|12|895997|895997-AOAG.chantwest.com.au|ORD1||RPC CORE|Prior Period RPC|One-Time|AMOUNT|CURRENCY|Hosting Service|1|FROMDATE|||||
BATCHID1|RECORDID347|DAILY BILLING|TENANTID|FROMDATE||||EDMONTHYEAR|AMOUNT|12|895997|895997-AOAG.chantwest.com.au|DFW3||Dedicated SAN|Prior Period Hosting Service|One-Time|AMOUNT|CURRENCY|Hosting Service|1|FROMDATE|||||
BATCHID1|RECORDID348|DAILY BILLING|TENANTID|FROMDATE||||EDMONTHYEAR|AMOUNT|12|895997|895997-AOAG.chantwest.com.au|IAD3||Shared SAN|Prior Period Hosting Service|One-Time|AMOUNT|CURRENCY|Hosting Service|1|FROMDATE|||||
BATCHID1|RECORDID349|DAILY BILLING|TENANTID|FROMDATE||||EDMONTHYEAR|AMOUNT|12|895997|895997-AOAG.chantwest.com.au|CDC1||RPC Core CDC|One Time Fee|One-Time|AMOUNT|CURRENCY|Hosting Service|1|FROMDATE|||||
BATCHID1|RECORDID350|DAILY BILLING|TENANTID|FROMDATE||||EDMONTHYEAR|AMOUNT|12|895997|895997-AOAG.chantwest.com.au|UNKNOWN||Virtual Hosting|One Time Fee|One-Time|AMOUNT|CURRENCY|Hosting Service|1|FROMDATE|||||
BATCHID1|RECORDID351|DAILY BILLING|TENANTID|FROMDATE||||EDMONTHYEAR|AMOUNT|12|895997|895997-AOAG.chantwest.com.au|ORD1||Firewall|Prior Period Hosting Service|One-Time|AMOUNT|CURRENCY|Hosting Service|1|FROMDATE|||||
BATCHID1|RECORDID352|DAILY BILLING|TENANTID|FROMDATE||||EDMONTHYEAR|AMOUNT|12|895997|895997-AOAG.chantwest.com.au|DFW1||SAN|Hosting Service|Recurring|AMOUNT|CURRENCY|Hosting Service|1|FROMDATE|||||
BATCHID1|RECORDID353|DAILY BILLING|TENANTID|FROMDATE||||EDMONTHYEAR|AMOUNT|12|895997|895997-AOAG.chantwest.com.au|DFW1||Dedicated SAN|Prior Period Hosting Service|One-Time|AMOUNT|CURRENCY|Hosting Service|1|FROMDATE|||||
BATCHID1|RECORDID354|DAILY BILLING|TENANTID|FROMDATE||||EDMONTHYEAR|AMOUNT|12|895997|895997-AOAG.chantwest.com.au|IAD2||Server|Prior Period Hosting Service|One-Time|AMOUNT|CURRENCY|Hosting Service|1|FROMDATE|||||
BATCHID1|RECORDID355|DAILY BILLING|TENANTID|FROMDATE||||EDMONTHYEAR|AMOUNT|12|895997|895997-AOAG.chantwest.com.au|IAD2||Server|Hosting Service|Recurring|AMOUNT|CURRENCY|Hosting Service|1|FROMDATE|||||
BATCHID1|RECORDID356|DAILY BILLING|TENANTID|FROMDATE||||EDMONTHYEAR|AMOUNT|12|895997|895997-AOAG.chantwest.com.au|DFW1||IDS|Hosting Service|Recurring|AMOUNT|CURRENCY|Hosting Service|1|FROMDATE|||||
BATCHID1|RECORDID357|DAILY BILLING|TENANTID|FROMDATE||||EDMONTHYEAR|AMOUNT|12|895997|895997-AOAG.chantwest.com.au|IAD3||Server|Prior Period Hosting Service|One-Time|AMOUNT|CURRENCY|Hosting Service|1|FROMDATE|||||
BATCHID1|RECORDID358|DAILY BILLING|TENANTID|FROMDATE||||EDMONTHYEAR|AMOUNT|12|895997|895997-AOAG.chantwest.com.au|UNKNOWN||Multi Factor Authentication|Hosting Service|Recurring|AMOUNT|CURRENCY|Hosting Service|1|FROMDATE|||||
BATCHID1|RECORDID359|DAILY BILLING|TENANTID|FROMDATE||||EDMONTHYEAR|AMOUNT|12|895997|895997-AOAG.chantwest.com.au|ORD1||Server|Hosting Service|Recurring|AMOUNT|CURRENCY|Hosting Service|1|FROMDATE|||||
BATCHID1|RECORDID360|DAILY BILLING|TENANTID|FROMDATE||||EDMONTHYEAR|AMOUNT|12|895997|895997-AOAG.chantwest.com.au|ORD1||Shared SAN|Prior Period Setup Fee|One-Time|AMOUNT|CURRENCY|Hosting Service|1|FROMDATE|||||
BATCHID1|RECORDID361|DAILY BILLING|TENANTID|FROMDATE||||EDMONTHYEAR|AMOUNT|12|895997|895997-AOAG.chantwest.com.au|DFW3||USB|One Time Fee|One-Time|AMOUNT|CURRENCY|Hosting Service|1|FROMDATE|||||
BATCHID1|RECORDID362|DAILY BILLING|TENANTID|FROMDATE||||EDMONTHYEAR|AMOUNT|12|895997|895997-AOAG.chantwest.com.au|DFW1||Firewall|Setup Fee|One-Time|AMOUNT|CURRENCY|Hosting Service|1|FROMDATE|||||
BATCHID1|RECORDID363|DAILY BILLING|TENANTID|FROMDATE||||EDMONTHYEAR|AMOUNT|12|895997|895997-AOAG.chantwest.com.au|HKG1||Web Application Firewall|One Time Fee|One-Time|AMOUNT|CURRENCY|Hosting Service|1|FROMDATE|||||
BATCHID1|RECORDID364|DAILY BILLING|TENANTID|FROMDATE||||EDMONTHYEAR|AMOUNT|12|895997|895997-AOAG.chantwest.com.au|ORD1||Load Balancer|Setup Fee|One-Time|AMOUNT|CURRENCY|Hosting Service|1|FROMDATE|||||
BATCHID1|RECORDID365|DAILY BILLING|TENANTID|FROMDATE||||EDMONTHYEAR|AMOUNT|12|895997|895997-AOAG.chantwest.com.au|DFW3||Dedicated SAN|Prior Period Hosting Service|One-Time|AMOUNT|CURRENCY|Hosting Service|1|FROMDATE|||||
BATCHID1|RECORDID366|DAILY BILLING|TENANTID|FROMDATE||||EDMONTHYEAR|AMOUNT|12|895997|895997-AOAG.chantwest.com.au|IAD2||Virtual Hosting|Hypervisor|Recurring|AMOUNT|CURRENCY|Hosting Service|1|FROMDATE|||||
BATCHID1|RECORDID367|DAILY BILLING|TENANTID|FROMDATE||||EDMONTHYEAR|AMOUNT|12|895997|895997-AOAG.chantwest.com.au|IAD3||Shared SAN|Hosting Service|Recurring|AMOUNT|CURRENCY|Hosting Service|1|FROMDATE|||||
BATCHID1|RECORDID368|DAILY BILLING|TENANTID|FROMDATE||||EDMONTHYEAR|AMOUNT|12|895997|895997-AOAG.chantwest.com.au|IAD3||SAN|Prior Period Hosting Service|One-Time|AMOUNT|CURRENCY|Hosting Service|1|FROMDATE|||||
BATCHID1|RECORDID369|DAILY BILLING|TENANTID|FROMDATE||||EDMONTHYEAR|AMOUNT|12|895997|895997-AOAG.chantwest.com.au|ORD1||Load Balancer|Prior Period Hosting Service|One-Time|AMOUNT|CURRENCY|Hosting Service|1|FROMDATE|||||
BATCHID1|RECORDID370|DAILY BILLING|TENANTID|FROMDATE||||EDMONTHYEAR|AMOUNT|12|895997|895997-AOAG.chantwest.com.au|United States||Managed Exchange|One Time Fee|One-Time|AMOUNT|CURRENCY|Hosting Service|1|FROMDATE|||||
BATCHID1|RECORDID371|DAILY BILLING|TENANTID|FROMDATE||||EDMONTHYEAR|AMOUNT|12|895997|895997-AOAG.chantwest.com.au|DFW3||Shared SAN|Hosting Service|Recurring|AMOUNT|CURRENCY|Hosting Service|1|FROMDATE|||||
BATCHID1|RECORDID372|DAILY BILLING|TENANTID|FROMDATE||||EDMONTHYEAR|AMOUNT|12|895997|895997-AOAG.chantwest.com.au|DFW1||Virtual Hosting|Hypervisor|Recurring|AMOUNT|CURRENCY|Hosting Service|1|FROMDATE|||||
BATCHID1|RECORDID373|DAILY BILLING|TENANTID|FROMDATE||||EDMONTHYEAR|AMOUNT|12|895997|895997-AOAG.chantwest.com.au|HKG1||Firewall|Prior Period Hosting Service|One-Time|AMOUNT|CURRENCY|Hosting Service|1|FROMDATE|||||
BATCHID1|RECORDID374|DAILY BILLING|TENANTID|FROMDATE||||EDMONTHYEAR|AMOUNT|12|895997|895997-AOAG.chantwest.com.au|ORD1||Virtual Hosting|Prepay Hosting Service|One-Time|AMOUNT|CURRENCY|Hosting Service|1|FROMDATE|||||
BATCHID1|RECORDID375|DAILY BILLING|TENANTID|FROMDATE||||EDMONTHYEAR|AMOUNT|12|895997|895997-AOAG.chantwest.com.au|ORD1||Firewall|Prepay Hosting Service|One-Time|AMOUNT|CURRENCY|Hosting Service|1|FROMDATE|||||
BATCHID1|RECORDID376|DAILY BILLING|TENANTID|FROMDATE||||EDMONTHYEAR|AMOUNT|12|895997|895997-AOAG.chantwest.com.au|ORD1||SAN|Prepay Hosting Service|One-Time|AMOUNT|CURRENCY|Hosting Service|1|FROMDATE|||||
BATCHID1|RECORDID377|DAILY BILLING|TENANTID|FROMDATE||||EDMONTHYEAR|AMOUNT|12|895997|895997-AOAG.chantwest.com.au|UNKNOWN||Firewall|One Time Fee|One-Time|AMOUNT|CURRENCY|Hosting Service|1|FROMDATE|||||
BATCHID1|RECORDID378|DAILY BILLING|TENANTID|FROMDATE||||EDMONTHYEAR|AMOUNT|12|895997|895997-AOAG.chantwest.com.au|IAD3||Server|One Time Fee|One-Time|AMOUNT|CURRENCY|Hosting Service|1|FROMDATE|||||
BATCHID1|RECORDID379|DAILY BILLING|TENANTID|FROMDATE||||EDMONTHYEAR|AMOUNT|12|895997|895997-AOAG.chantwest.com.au|IAD3||Virtual Server Cluster|One Time Fee|One-Time|AMOUNT|CURRENCY|Hosting Service|1|FROMDATE|||||
BATCHID1|RECORDID380|DAILY BILLING|TENANTID|FROMDATE||||EDMONTHYEAR|AMOUNT|12|895997|895997-AOAG.chantwest.com.au|IAD3||USB|One Time Fee|One-Time|AMOUNT|CURRENCY|Hosting Service|1|FROMDATE|||||
BATCHID1|RECORDID381|DAILY BILLING|TENANTID|FROMDATE||||EDMONTHYEAR|AMOUNT|12|895997|895997-AOAG.chantwest.com.au|ORD1||Switch|Setup Fee|One-Time|AMOUNT|CURRENCY|Hosting Service|1|FROMDATE|||||
BATCHID1|RECORDID382|DAILY BILLING|TENANTID|FROMDATE||||EDMONTHYEAR|AMOUNT|12|895997|895997-AOAG.chantwest.com.au|IAD2||Firewall|One Time Fee|One-Time|AMOUNT|CURRENCY|Hosting Service|1|FROMDATE|||||
BATCHID1|RECORDID383|DAILY BILLING|TENANTID|FROMDATE||||EDMONTHYEAR|AMOUNT|12|895997|895997-AOAG.chantwest.com.au|HKG1||Threat Manager|One Time Fee|One-Time|AMOUNT|CURRENCY|Hosting Service|1|FROMDATE|||||
BATCHID1|RECORDID384|DAILY BILLING|TENANTID|FROMDATE||||EDMONTHYEAR|AMOUNT|12|895997|895997-AOAG.chantwest.com.au|DFW1||Web Application Firewall|One Time Fee|One-Time|AMOUNT|CURRENCY|Hosting Service|1|FROMDATE|||||
BATCHID1|RECORDID385|DAILY BILLING|TENANTID|FROMDATE||||EDMONTHYEAR|AMOUNT|12|895997|895997-AOAG.chantwest.com.au|LON5||Shared SAN|Hosting Service|Recurring|AMOUNT|CURRENCY|Hosting Service|1|FROMDATE|||||
BATCHID1|RECORDID386|DAILY BILLING|TENANTID|FROMDATE||||EDMONTHYEAR|AMOUNT|12|895997|895997-AOAG.chantwest.com.au|DFW1||Two Factor Authentication|Hosting Service|Recurring|AMOUNT|CURRENCY|Hosting Service|1|FROMDATE|||||
BATCHID1|RECORDID387|DAILY BILLING|TENANTID|FROMDATE||||EDMONTHYEAR|AMOUNT|12|895997|895997-AOAG.chantwest.com.au|HKG1||Managed Storage|Hosting Service|Recurring|AMOUNT|CURRENCY|Hosting Service|1|FROMDATE|||||
BATCHID1|RECORDID388|DAILY BILLING|TENANTID|FROMDATE||||EDMONTHYEAR|AMOUNT|12|895997|895997-AOAG.chantwest.com.au|SYD2||SAN|Prior Period Hosting Service|One-Time|AMOUNT|CURRENCY|Hosting Service|1|FROMDATE|||||
BATCHID1|RECORDID389|DAILY BILLING|TENANTID|FROMDATE||||EDMONTHYEAR|AMOUNT|12|895997|895997-AOAG.chantwest.com.au|United States||Microsoft Cloud OS|MSFT Cloud Virtual Machine|Auto/File|AMOUNT|CURRENCY|Hosting Service|1|FROMDATE|||||
BATCHID1|RECORDID390|DAILY BILLING|TENANTID|FROMDATE||||EDMONTHYEAR|AMOUNT|12|895997|895997-AOAG.chantwest.com.au|United States||Professional Services|PS Project|One-Time|AMOUNT|CURRENCY|Hosting Service|1|FROMDATE|||||
BATCHID1|RECORDID391|DAILY BILLING|TENANTID|FROMDATE||||EDMONTHYEAR|AMOUNT|12|895997|895997-AOAG.chantwest.com.au|DFW3||Firewall|Prior Period Hosting Service|One-Time|AMOUNT|CURRENCY|Hosting Service|1|FROMDATE|||||
BATCHID1|RECORDID392|DAILY BILLING|TENANTID|FROMDATE||||EDMONTHYEAR|AMOUNT|12|895997|895997-AOAG.chantwest.com.au|DFW3||SQL Cluster|Prior Period Hosting Service|One-Time|AMOUNT|CURRENCY|Hosting Service|1|FROMDATE|||||
