

{
  "methodValidation": {
    "lineOfBusiness": "US_CLOUD",
    "currencyCode": "USD",
    "contractEntity": "CONTRACT_US",
    "method": {
      "paymentCard": {
        "addressVerificationInformation": {
          "postalCode": "78218",
          "city": "San Antonio",
          "state": "TX",
          "addressLine1": "4527 Goldfield",
          "country": "US"
        },
        "cardHolderName": "QE TESTER",
        "cardType": "MASTERCARD",
        "cardVerificationNumber": "222",
        "cardNumber": "5313151893250268",
        "expirationDate": "01/2018"
      }
    }
  }
}



